12/01/2022,69.82,70.7148,68.43,69.1,1262756
12/02/2022,68.09,69.764,67.145,69.59,1307467
12/05/2022,68.83,69.72,66.87,67.39,1425126
12/06/2022,67.33,67.41,64.11,65.59,1782922
12/07/2022,65.16,66.32,63.99,65.1,1572945
12/08/2022,65.34,65.85,63.96,65.48,1268685
12/09/2022,64.75,66.86,64.45,65.7,1200348
12/12/2022,65.67,66.135,65,65.86,1649239
12/13/2022,68.26,69.32,65.67,67.18,2178173
12/14/2022,66.67,68.08,65.26,67.71,2733114
12/15/2022,66.72,66.84,64.43,65.39,2611647
12/16/2022,64.3,64.84,60.65,61.44,7556474
12/19/2022,61,61.9,57.63,58.09,4305678
12/20/2022,57.32,58.58,56.27,57.76,4290931
12/21/2022,58.54,60.02,57.5801,59.37,4610724
12/22/2022,52.1,57.28,52.1,57.2,16316988
12/23/2022,56.57,60.6294,56.2601,60.16,6668059
12/27/2022,59.81,61.105,58.22,60.42,4434542
12/28/2022,60.43,61.03,58.77,59.24,3137343
12/29/2022,59.885,61.9169,59.52,61.26,2410825
12/30/2022,60.4,61.17,59.61,60.89,2141010
01/03/2023,61.7,63.25,59.66,60.64,2448480
01/04/2023,62,65.14,61.705,65.12,3238181
01/05/2023,63.8,64.1,62.81,63.34,2967512
01/06/2023,63.67,65.82,62.59,65.78,2428274
01/09/2023,66.22,68.0709,66.01,67.07,2666555
01/10/2023,67.175,67.95,66.22,67.39,1974570
01/11/2023,66,68.67,66,67.43,3430515
01/12/2023,68.06,68.27,65.53,66.88,2957430
01/13/2023,65.37,66.67,64.86,65,2912938
01/17/2023,64.21,70.95,63.34,67.44,7422420
01/18/2023,67.46,68.78,63.35,63.41,2497447
01/19/2023,62.33,63.015,60.9053,62.19,2559222
01/20/2023,62.62,66.1,62.02,66.08,2469186
01/23/2023,66.52,67.95,65.94,67.33,2038352
01/24/2023,66.87,68.04,66.49,66.72,1174619
01/25/2023,65.63,66.535,64.84,66.31,2605829
01/26/2023,67.26,67.5562,65.03,66.26,1665632
01/27/2023,66.22,69.616,66.1,69.1,2275223
01/30/2023,68.69,71.59,67.88,69.04,3186123
01/31/2023,69.23,70.46,68.4,70.45,1960818
02/01/2023,70.19,76.35,70.19,75.84,3678294
02/02/2023,77.07,80.92,77.07,79.32,4546098
02/03/2023,77.7,79.9898,77.465,78.19,1913165
02/06/2023,77.34,78.03,76.23,77.86,1164258
02/07/2023,77,77.11,75.05,76.16,1904640
02/08/2023,75.73,77.4459,75.37,76.22,1323009
02/09/2023,77.17,77.515,73.72,74.48,1730354
02/10/2023,73.89,74.84,73.26,73.57,1510742
02/13/2023,73.42,75.25,73,75.1,1215728
02/14/2023,74.53,76.42,73.67,75.91,1306680
02/15/2023,74.44,75.69,72.59,75.55,1458946
02/16/2023,73.7,75.32,73.075,74.32,932301
02/17/2023,74.31,75.1,71.94,72.95,1791297
02/21/2023,72,72.04,67.6,68.59,2140356
02/22/2023,69.03,70.14,68.1,69.49,1603476
02/23/2023,70,70.1,67.56,69.11,1337879
02/24/2023,67.5,68.48,66.91,67.86,1466096
02/27/2023,69.01,69.24,66.93,67.13,1292084
02/28/2023,67.4,70,67.4,69.04,2109854
03/01/2023,68.36,69.35,67.81,68.76,1457648
03/02/2023,67.93,68.3903,67.085,67.86,1636391
03/03/2023,68.43,70.425,68.175,70.35,1293192
03/06/2023,70.79,70.99,68.48,68.77,1118727
03/07/2023,68.75,70.15,68.47,68.8,1306263
03/08/2023,68.99,71.09,68.74,70.48,1396461
03/09/2023,70.22,71.13,66.27,66.37,1970865
03/10/2023,65.02,65.66,62.76,63.73,3444821
03/13/2023,61.7,62.75,59.32,61.21,4770729
03/14/2023,63.01,63.14,59.56,60.33,2732882
03/15/2023,58.94,59.46,57.67,59.13,3883969
03/16/2023,58.11,59.13,57.1,58.48,4380842
03/17/2023,58.18,58.33,55.945,56.26,4569987
03/20/2023,56.5,58.29,56.26,56.76,2988313
03/21/2023,58.01,60.6,58.01,59.12,2962936
03/22/2023,59.97,60.41,57.42,57.46,1664600
03/23/2023,57.88,58.31,55.765,56.73,1888236
03/24/2023,56.19,58.01,55.88,57.78,3122581
03/27/2023,58.62,58.98,57.5,58.27,2544262
03/28/2023,58.16,59.4,57.905,58.27,1328862
03/29/2023,58.93,59.72,58.22,59.53,1318422
03/30/2023,60.8,61.91,60.58,61.1,1911654
03/31/2023,61.325,64.43,61.135,64.28,2080502
04/03/2023,64.58,65.24,63.95,64.58,1797666
04/04/2023,64.92,65,62.84,63.5,2024169
04/05/2023,62.97,63.37,61.15,62.44,1871833
04/06/2023,62.51,64.615,61.965,64.33,1671095
04/10/2023,63.8,66.11,63.56,65.86,3867746
04/11/2023,69.645,73.57,69.12,72.21,12741147
04/12/2023,73,73.055,67.26,68.58,5388471
04/13/2023,69.67,70.28,67.13,69.01,3072130
04/14/2023,69.6,71.5,68.49,69.46,2795769
04/17/2023,69.24,69.8,68.455,69.6,1613816
04/18/2023,69.37,69.94,68.67,69.07,1505972
04/19/2023,67.96,68.33,67.21,68.12,1836774
04/20/2023,67.15,68.01,66.25,67.45,1913736
04/21/2023,67.72,69.26,66.6475,69.16,1514347
04/24/2023,68.75,69.415,68.49,68.88,1136542
04/25/2023,68.43,68.8,67.35,67.36,1397178
04/26/2023,68.14,69.48,67.72,67.92,1912702
04/27/2023,68.06,70.43,67.84,70.4,1457714
04/28/2023,70.24,70.725,69.615,70.03,1308768
05/01/2023,70.09,70.94,69.66,70.48,1436328
05/02/2023,70.235,71.92,69.48,71.33,2274520
05/03/2023,71.31,72.88,70.61,70.67,1727837
05/04/2023,70.27,70.58,67.14,68.07,1960602
05/05/2023,69.25,71.305,68.99,70.61,1422180
05/08/2023,71.16,73.02,70.46,72.75,1709670
05/09/2023,71.8,72.97,71.37,72.53,1497864
05/10/2023,73.64,74.15,72.14,73.41,1666779
05/11/2023,73.25,73.5491,71.115,72.27,995805
05/12/2023,73,73.25,70.25,71.16,919246
05/15/2023,71.07,71.94,70.26,71.7,1324805
05/16/2023,71.59,71.59,68.97,69.06,1276852
05/17/2023,69.55,72.44,69.3,71.95,1383474
05/18/2023,71.41,73.26,71.061,73.13,944192
05/19/2023,73.06,73.06,70.75,71.75,1183459
05/22/2023,71.92,72.43,71.245,72.21,949736
05/23/2023,71.81,73.835,71.545,71.98,1664005
05/24/2023,71.35,71.74,69.1,70.15,1344658
05/25/2023,70.13,71.63,70,71.02,937878
05/26/2023,71.24,72.859,70.8,72.48,935068
05/30/2023,73.16,74.4765,72.64,73.96,1206305
05/31/2023,72.2,73.02,70.64,72.21,1721832
06/01/2023,72.49,72.57,71.14,71.81,1374511
06/02/2023,72.82,74.85,72.46,74.66,2017175
06/05/2023,74.66,75.72,73.5,75.26,1312827
06/06/2023,74.93,79.4,74.93,79.08,2781653
06/07/2023,80,81.13,78.72,79.13,2772353
06/08/2023,80.05,80.48,78.58,79.89,1379062
06/09/2023,80.37,80.71,78.31,78.81,1172201
06/12/2023,78.41,80.05,77.67,79.53,1327716
06/13/2023,80.2,81.225,80.135,80.61,1281347
06/14/2023,80.8,81.75,79.1,79.7,1325165
06/15/2023,78.71,81.14,78.62,80.85,1078869
06/16/2023,81.16,81.355,79.25,79.63,2316830
06/20/2023,79.32,80.16,78.37,78.59,1623532
06/21/2023,78.39,79.06,77.27,78.3,1706271
06/22/2023,77.97,78.68,77.025,78.32,2525752
06/23/2023,84.21,87.06,83.5,86.21,14449061
06/26/2023,86.41,86.52,80.96,81.25,4005487
06/27/2023,81.72,82.74,80.6181,82.42,2283515
06/28/2023,82.42,85.09,82.11,84.37,4015402
06/29/2023,84.33,85.21,83.87,84.34,1731370
06/30/2023,85.3,85.67,83.34,83.7,1970410
07/03/2023,83.09,84,81.94,82.16,934121
07/05/2023,82.17,82.72,81.5,82.24,1416590
07/06/2023,81.325,81.66,80.37,81.03,1616624
07/07/2023,80.95,82.37,80.85,81.39,1570235
07/10/2023,81.09,83.26,81,82.65,1518274
07/11/2023,83.37,85.43,83.26,84.32,1551889
07/12/2023,85.09,85.4,83.69,84.2,1139913
07/13/2023,84.05,84.69,83.235,83.42,1182699
07/14/2023,84.23,84.95,83.01,83.4,898770
07/17/2023,83.22,84.5,82.74,83.69,1126515
07/18/2023,83.45,86.56,83.25,85.81,1452207
07/19/2023,87.5,87.5,85.01,85.14,1273065
07/20/2023,85.01,85.37,83.51,84.96,1129236
07/21/2023,85.5,85.5,81.5,83.28,1931050
07/24/2023,83.43,84.43,82.655,83.79,1236344
07/25/2023,83.37,83.83,81.28,81.8,1371529
07/26/2023,82.17,83.39,81.35,83.01,908940
07/27/2023,83.56,84.3,81.85,82.06,901470
07/28/2023,83.18,83.2,81.58,82.52,894741
07/31/2023,82.54,82.9,81.69,82.61,1232582
08/01/2023,81.84,84.2,81.84,84.08,995698
08/02/2023,83.36,83.4,82.4801,83.24,1287338
08/03/2023,82.98,83.61,81.91,82.59,648865
08/04/2023,82.86,84.4004,82.4,83.29,1097703
08/07/2023,83.43,84.8,82.59,84.75,764573
08/08/2023,83.39,86.1,83.01,85.83,885112
08/09/2023,85.83,86.56,84.61,84.88,1326584
08/10/2023,84.86,85.32,82.74,83.18,1663881
08/11/2023,82.85,85.505,81.99,85.19,1388300
08/14/2023,84.57,85.5,83.6374,85.44,692985
08/15/2023,85.12,85.44,84.65,85.19,955518
08/16/2023,85,85.7899,84.48,84.82,1214130
08/17/2023,85.42,85.775,81.64,81.65,1200576
08/18/2023,80.8,82.56,78.71,82.49,1647970
08/21/2023,82.39,82.67,79.35,80.9,1568864
08/22/2023,80.9,80.9,78.7,79.14,1469095
08/23/2023,78.76,79.47,78.01,79.22,1253272
08/24/2023,78.88,79.11,77.445,78.33,1642326
08/25/2023,78.62,79.48,77.51,78.42,1059629
08/28/2023,78.83,80.25,78.64,79.95,836619
08/29/2023,80.03,81.685,79.58,81.46,944376
08/30/2023,81.36,83.98,81.325,82.25,2054066
08/31/2023,82.32,82.57,81.33,81.68,968832
09/01/2023,82.72,83.68,82.38,83.58,1113600
09/05/2023,82.97,83.66,81.83,82.35,1179729
09/06/2023,81.97,82.695,80.853,81.56,1186214
09/07/2023,81.37,81.9,80.69,81.59,1693637
09/08/2023,81.38,82.405,80.95,81.18,967136
09/11/2023,81.86,82.78,80.85,81.14,980335
09/12/2023,80.22,82.1761,80.09,81.56,691491
09/13/2023,81.57,81.75,80.36,80.54,668043
09/14/2023,81.06,83.91,80.97,83.85,1825451
09/15/2023,84.04,84.56,82.41,83.24,1984962
09/18/2023,83.01,83.5925,81.99,82.41,936859
09/19/2023,82.12,82.12,80.27,82.04,1509047
09/20/2023,82.05,83.24,81.32,81.42,928450
09/21/2023,80.72,81.12,78.87,78.9,1452461
09/22/2023,79.13,79.5,76.425,76.66,1903554
09/25/2023,79.32,79.32,77.51,77.77,2805179
09/26/2023,77.08,78.7,76.73,78.25,2295048
09/27/2023,78.52,80.13,77.99,79.69,3992363
09/28/2023,70.39,73.32,68.9,69.01,13881970
09/29/2023,69.62,72.44,68.7301,70.73,5053387
10/02/2023,70.55,71.5213,69.52,69.74,2793542
10/03/2023,69.22,69.89,68.7,68.99,3447878
10/04/2023,68.73,69.24,67.95,68.19,3023578
10/05/2023,67.9,68.04,64.96,66.1,3394697
10/06/2023,65.78,67.13,64.38,66.21,2434421
10/09/2023,65.25,67.71,65.0001,67.68,1490354
10/10/2023,67.42,70.39,67.42,70.04,2537057
10/11/2023,70.41,70.6,68.01,69.1,2129324
10/12/2023,68.78,68.98,67.1,68.35,1900913
10/13/2023,68.36,68.96,67.47,68.23,1532405
10/16/2023,68.49,68.955,67.25,68.27,2044826
10/17/2023,67.7,69.1,67.52,68.47,1663559
10/18/2023,67.63,67.715,64.83,64.86,3717194
10/19/2023,64.9,65.25,63.19,63.42,2454194
10/20/2023,63.73,64.06,62.79,62.84,1996742
10/23/2023,62.33,63.74,61.73,61.88,1995662
10/24/2023,62.12,63.03,61.84,62,1839328
10/25/2023,61.44,61.54,59.73,60.53,2072191
10/26/2023,60.35,61,59.86,60.39,1812480
10/27/2023,61.09,61.65,59.85,60.51,1676169
10/30/2023,61,61.47,59.66,60.67,1703518
10/31/2023,61.11,61.94,60.7,61.09,1443782
11/01/2023,61.05,61.53,59.77,61.49,1479501
11/02/2023,62.45,63.91,62.45,63.64,1776287
11/03/2023,64.76,67.51,64.62,66.97,2759348
11/06/2023,66.47,66.62,64.97,66.05,1741291
11/07/2023,65.87,65.87,63.44,64.33,2258650
11/08/2023,64.2,64.54,63.42,64.08,1049815
11/09/2023,64.5,64.515,62.32,62.51,1356979
11/10/2023,63.1,63.42,61.73,63.37,1608959
11/13/2023,62.45,63.98,62.45,63.59,1116527
11/14/2023,65.93,68.67,65.515,68.23,2381495
11/15/2023,68.35,69,67.43,67.93,1658154
11/16/2023,66.79,67.25,62.76,64.15,3338833
11/17/2023,65.17,65.59,63.29,63.97,2196080
11/20/2023,63.73,65.61,63.25,65.04,1639238
11/21/2023,64.18,64.53,63.45,64.22,1820696
11/22/2023,64.54,64.91,63.32,63.86,1583063
11/24/2023,64,64.33,63.345,64.16,490655
11/27/2023,63.77,64.44,63.325,63.9,1243777
11/28/2023,63.96,63.98,62.91,63.68,1412923
11/29/2023,63.68,65.06,62.98,63.16,2003942
11/30/2023,63.93,64.405,62.9043,63.94,2031858
12/01/2023,63.75,67.495,63.26,67.39,2389634
12/04/2023,67.26,68.73,67,68.28,1609149
12/05/2023,66.19,66.8,64.72,65.31,2113109
12/06/2023,66.54,67.87,65.48,65.93,1532711
12/07/2023,66.23,67.06,65.8519,66.88,1552394
12/08/2023,66.92,68.03,66.81,67.22,1641879
12/11/2023,67.24,68,66.455,67.02,1115638
12/12/2023,66.54,66.775,65.38,65.96,1311697
12/13/2023,65.97,71.45,65.93,71.05,2991888
12/14/2023,72.475,76.375,72.475,75,4292681
12/15/2023,75.16,76.66,74.28,74.74,3902191
12/18/2023,74.96,76.01,74.21,75.39,2705330
12/19/2023,75.2,77.43,75.01,76.64,3400639
12/20/2023,75.94,77.17,74.61,74.68,3818531
12/21/2023,84.2,84.2,77.2306,78.55,7567985
12/22/2023,77.94,78.93,76.0918,76.52,2309353
12/26/2023,76.41,76.47,74.32,76.18,2240717
12/27/2023,76.38,78.29,75.98,78,2110152
12/28/2023,77.42,78.02,76.7701,77.84,1057211
12/29/2023,76.73,77.52,76.47,76.74,1408770
01/02/2024,76.55,77.63,75.41,76.2,2155272
01/03/2024,74.53,75.275,72.16,72.53,2473401
01/04/2024,72.14,72.86,71.5,71.83,1653363
01/05/2024,71.42,74.09,71.18,73,1535977
01/08/2024,72.82,73.89,72.18,73.01,1469614
01/09/2024,72.23,72.78,71.64,72.53,1462798
01/10/2024,72.58,72.875,71.21,72.58,1742736
01/11/2024,72.49,72.49,70.61,71.88,4046265
01/12/2024,72.23,72.76,69.16,69.59,2116487
01/16/2024,68.87,69.94,68.22,69.62,1762803
01/17/2024,68.26,69.25,66.86,67.84,4977210
01/18/2024,68.01,68.91,67.885,68.56,4318860
01/19/2024,68.64,70.16,67.1,69.15,1876575
01/22/2024,69.87,71.14,69.61,70.16,1379879
01/23/2024,70.99,71.665,68.68,69.22,1457509
01/24/2024,70.13,70.25,67.24,67.45,1647704
01/25/2024,68.51,69.2,67.5,69.08,1649389
01/26/2024,69.42,70.61,69.4032,70.11,1859227
01/29/2024,69.92,73.07,69.57,72.95,2239395
01/30/2024,72.35,73.75,72.27,72.75,1930721
01/31/2024,71.97,73.97,71.04,71.18,2047521
02/01/2024,71.61,72.84,70.385,72.84,1961004
02/02/2024,71.43,73.99,70.15,72.79,1833947
02/05/2024,71.32,71.83,69.9305,70.99,1661671
02/06/2024,70.97,72.3,70.585,71.83,2046197
02/07/2024,72.47,73.1891,71.78,72.3,1979900
02/08/2024,72.01,73.39,71.9,73.3,1490977
02/09/2024,73.56,74.86,72.9,74.79,1821271
02/12/2024,75.14,77.47,75.075,76.95,1659005
02/13/2024,73.52,74.26,71.87,72.54,2504835
02/14/2024,72.96,73.4,71.655,72.76,1418310
02/15/2024,73.27,74.64,73.14,74.33,1113073
02/16/2024,72.41,73.13,71.33,71.88,1255179
02/20/2024,70.63,71.5599,70.12,70.66,1131499
02/21/2024,70.16,71.19,69.6095,70.62,886838
02/22/2024,73.64,73.65,71.09,72.89,1967148
02/23/2024,73.21,74.78,73.19,73.33,1464510
02/26/2024,73.01,75.1125,73.01,73.96,1227487
02/27/2024,74.64,77,74.1601,76.66,1435678
02/28/2024,76.07,76.81,75.48,76.71,1171649
02/29/2024,77.56,79.15,77.205,79,2193428
03/01/2024,78.66,79.57,76.92,79.3,1300639
03/04/2024,78.87,80.28,78.76,79.58,1053049
03/05/2024,79.19,80.62,78.605,80.12,1207472
03/06/2024,81.5,81.66,79.9,80.58,1993925
03/07/2024,80.87,81.62,79.89,80.66,1171962
03/08/2024,81.5,83.115,81.06,81.77,1545783
03/11/2024,81.35,82.03,80.42,81.13,1291652
03/12/2024,81,82.57,80.6,82.01,1277692
03/13/2024,81.81,83.39,81.81,83.22,1232260
03/14/2024,82.95,83.05,80.175,80.94,1594513
03/15/2024,80.73,81.95,80.13,80.74,1915464
03/18/2024,81.18,81.385,79.62,79.83,1208203
03/19/2024,78.89,81.28,78.89,80.85,1140666
03/20/2024,82.82,83.7399,81.63,83.08,2050372
03/21/2024,83.98,87.025,83.85,86.44,2249666
03/22/2024,86.21,86.7848,85.28,85.53,1328759
03/25/2024,85.91,86.9,85.23,85.78,1334472
03/26/2024,86.3,87.4,85.63,85.75,1640048
03/27/2024,86.01,87.21,85.71,86.98,1637967
03/28/2024,87.25,88.22,86.915,87.11,1937866
04/01/2024,86.33,86.61,85.08,85.94,2028906
04/02/2024,85.13,85.7,83.71,83.81,2115804
04/03/2024,83.68,84.2,82.74,83.62,2722478
04/04/2024,83.94,84.53,80.275,80.67,2161320
04/05/2024,80.5,81.855,80.03,81.49,1693829
04/08/2024,83.07,83.78,82.24,82.87,1758966
04/09/2024,83.05,84.02,82.8,83.39,1844350
04/10/2024,80.52,80.92,78.9,79.3,3605847
04/11/2024,73.38,74.46,68.5,71.98,14125488
04/12/2024,70.97,72.47,70.5,71.41,4231192
04/15/2024,71.06,71.93,69.02,69.46,3600960
04/16/2024,69.57,70.14,68.92,69.8,2881727
04/17/2024,69.99,70.25,68.51,68.53,2041384
04/18/2024,68.83,69.67,67.7185,67.91,2424431
04/19/2024,68,68.75,67.87,68.34,1785944
04/22/2024,68.4,68.69,67.31,67.88,1867371
04/23/2024,68.19,69.995,68.02,69.69,1544925
04/24/2024,69.44,70.78,69.04,70.27,2854255
04/25/2024,69.04,69.56,67.65,69.22,2804608
04/26/2024,69.07,70.21,69.05,69.59,2607538
04/29/2024,70.02,70.65,69.18,69.35,1612268
04/30/2024,68.42,68.975,67.56,67.97,2044291
05/01/2024,67.9,69.19,67.02,67.21,1765565
05/02/2024,68.67,68.71,65.83,68.04,2936777
05/03/2024,69.43,70.34,68.65,68.71,1824330
05/06/2024,69.68,70.41,69.22,69.59,1754548
05/07/2024,69.96,70.92,69.22,69.23,1507971
05/08/2024,68.38,70.58,68.235,70.34,1630707
05/09/2024,70.5,71.5925,70.43,71.04,1725576
05/10/2024,71.19,71.94,70.81,71.71,1383822
05/13/2024,72.41,76.79,72.238,74.9,3305010
05/14/2024,76.2,77.78,75.16,75.76,2077046
05/15/2024,76.63,76.645,74.165,74.35,1784013
05/16/2024,74.26,74.74,72.88,72.98,1541021
05/17/2024,72.4,73.18,71.81,72.82,1712457
05/20/2024,73.04,73.27,72.065,72.57,1144707
05/21/2024,72.55,72.84,71.48,71.97,1593118
05/22/2024,71.7,71.97,69.53,69.76,1708133
05/23/2024,69.88,69.945,68.43,68.93,1312073
05/24/2024,69.42,69.89,68.9672,69.88,718560
05/28/2024,70.17,70.43,68.94,69.15,1263992
05/29/2024,67.92,68.52,66.87,67.43,1563452
05/30/2024,68.12,69.89,67.77,69.65,1530655
05/31/2024,70.06,70.84,69.3,70.26,2202062
06/03/2024,71.5,71.51,70.01,70.53,1493621
06/04/2024,69.95,71.14,69.65,70.98,1539559
06/05/2024,71.03,72.36,70.1,72.3,1322027
06/06/2024,70.5,71.75,69.89,70.07,1698268
06/07/2024,69.16,69.657,68.82,69.17,1725444
06/10/2024,69.03,69.38,68.36,68.47,1672637
06/11/2024,68.21,69.54,67.59,68.88,1637762
06/12/2024,70.78,72.995,70.09,70.1,2054815
06/13/2024,69.64,70.89,69.075,70.29,1318783
06/14/2024,69.36,69.94,68.01,69.91,1947570
06/17/2024,69.75,71.79,69.39,71.68,2059238
06/18/2024,71.245,72.04,70.311,71.5,2780824
06/20/2024,71.09,72.05,70.51,71.36,4937785
06/21/2024,73.74,74.8499,70.67,71.63,5566450
06/24/2024,70.97,73.83,70.88,73.18,3542817
06/25/2024,73,73.65,71.24,71.77,2839709
06/26/2024,71.33,72.83,71.05,72.73,1906427
06/27/2024,73.01,73.49,72.2,73.33,1352458
06/28/2024,73.19,74.57,72.86,73.34,2153972
07/01/2024,73.15,73.96,71.18,71.21,1575741
07/02/2024,71.29,73.33,70.75,73.28,1855024
07/03/2024,73.7,74.61,72.8,72.88,1310692
07/05/2024,72.78,72.78,71.46,71.58,1711635
07/08/2024,72.19,73.34,72.13,73,1256910
07/09/2024,72.7,72.9475,72.16,72.26,1233996
07/10/2024,73,77.35,72.73,76.93,4740558
07/11/2024,78.57,80.06,78.22,79.71,2731139
07/12/2024,78.5,81.69,77.7041,80.93,2079359
07/15/2024,80.41,82.79,80.41,82,1509502
07/16/2024,82.72,84.23,82.09,84.02,1951437
07/17/2024,83.02,83.85,82.57,82.9,1414384
07/18/2024,82.58,84.26,81.49,81.82,1857804
07/19/2024,82.02,82.52,79.73,80.01,1432423
07/22/2024,80.5,80.89,78.94,80.79,1159119
07/23/2024,80.2,80.6,79.33,80.35,1050607
07/24/2024,80,82.08,79.86,79.9,1597405
07/25/2024,79.48,82.895,79.2513,81.55,1217286
07/26/2024,82.61,83.626,82.12,83.02,983359
07/29/2024,83.08,83.75,82.445,83.26,1005358
07/30/2024,83.55,84.49,82.67,84.32,1181389
07/31/2024,84.5,86.21,83.78,84.44,1440883
08/01/2024,85.1,85.73,80.2,81.6,2511691
08/02/2024,79.37,79.37,77.65,78.38,2118269
08/05/2024,74.8,76.81,73.28,74.7,2394584
08/06/2024,74.71,76.76,73.71,75.36,2138570
08/07/2024,76.66,77,73.62,73.73,2507692
08/08/2024,74.04,76.07,74.04,75.83,1088727
08/09/2024,75.82,75.83,74.39,75.69,1471435
08/12/2024,75.71,75.98,73.5,73.57,1096176
08/13/2024,73.9,77.01,73.58,76.82,1444131
08/14/2024,77.09,78.73,76.8,77.45,1389956
08/15/2024,79.35,80.52,78.61,79.84,1502048
08/16/2024,79.75,80.91,79.26,79.86,1075643
08/19/2024,80.02,81.19,79.37,80.31,1005085
08/20/2024,80.09,80.48,79.34,79.79,614704
08/21/2024,80.48,82.5099,80.335,82.49,1228920
08/22/2024,82.3,82.6,81.67,82.13,629117
08/23/2024,83.05,85.94,82.375,85.78,1618476
08/26/2024,86.55,86.82,84.985,85.02,1508645
08/27/2024,84.54,84.82,83.28,84.41,1006585
08/28/2024,84.02,85.33,83.75,84.75,1016736
08/29/2024,85.47,85.89,83.97,85.31,1221425
08/30/2024,85.81,85.94,83.56,84.55,1126648
09/03/2024,83.53,84.2225,82.43,83.03,1022050
09/04/2024,82.82,83.05,81.83,81.85,1517533
09/05/2024,82.35,82.519,80.58,80.91,1208674
09/06/2024,80.55,81.64,79.32,79.38,1027805
09/09/2024,79.68,81.55,79.68,80.63,1421219
09/10/2024,79.51,79.835,75.16,77.72,2942151
09/11/2024,76.89,76.89,73.84,75.2,1900743
09/12/2024,75.44,76.91,74.61,76.28,1203917
09/13/2024,77.16,78.95,77.16,78.78,1461378
09/16/2024,79.6,80.78,78.32,79.04,1229191
09/17/2024,79.73,80.5183,78.922,79.39,1799928
09/18/2024,79.35,79.94,77.07,77.21,2646443
09/19/2024,79.4,79.45,77,77.39,2849667
09/20/2024,77.15,77.905,75.53,76.1,3146358
09/23/2024,76.42,77.18,75.825,76.45,1806181
09/24/2024,76.5,76.55,75.69,76.5,2445158
09/25/2024,76.41,76.42,74.36,74.49,3584492
09/26/2024,72.99,79.71,72.73,78.21,6496663
09/27/2024,78.87,79.17,76.29,77.32,2696829
09/30/2024,76.93,77.83,76.41,77.38,1983666
10/01/2024,76.82,78.615,75.84,78.17,2383569
10/02/2024,77.45,77.48,75.21,75.43,1612094
10/03/2024,74.86,74.86,73.7,74.19,1456429
10/04/2024,75.4,75.64,72.57,73.09,2153220
10/07/2024,72.5,73.12,71.06,72.27,2120040
10/08/2024,72.2,73.16,71.07,72.13,1837805
10/09/2024,72.14,72.14,71,71.2,1668143
10/10/2024,70.75,71.655,69.95,71.11,1887354
10/11/2024,71.2,72.37,71.195,72.14,1397712
10/14/2024,72.04,73.19,71.22,73.04,1470558
10/15/2024,73.19,75.655,73.19,73.67,1910689
10/16/2024,74.99,75.47,74.1501,74.81,1229335
10/17/2024,75.01,75.31,74.26,75.12,1176462
10/18/2024,75.25,75.25,74.11,74.7,1163434
10/21/2024,74.36,74.37,71.81,71.94,2067127
10/22/2024,71.4,72.02,70.82,71.48,1635937
10/23/2024,71.42,73.29,71.38,72,1725011
10/24/2024,72.53,72.915,72.03,72.58,1054961
10/25/2024,72.59,72.735,71.94,72,1122106
10/28/2024,73.16,74.36,72.8784,74.31,1159954
10/29/2024,73.5,74.03,73.015,73.71,967376
10/30/2024,73.88,75.705,73.655,74.05,1311502
10/31/2024,73.85,74.39,72.32,72.38,1223665
11/01/2024,72.62,74.26,72.055,72.3,1159957
11/04/2024,72,74.03,72,73.06,1202627
11/05/2024,72.35,73.99,72.03,73.87,1126757
11/06/2024,77,78.16,76.605,76.93,2499545
11/07/2024,77,77.38,75.45,76.44,1345924
11/08/2024,76.26,76.53,75.19,75.54,1354836
11/11/2024,75.69,77.43,75.63,76.78,1505680
11/12/2024,76.32,77.23,76.32,76.69,1487217
11/13/2024,77.5,78.91,76.7,77.86,2104645
11/14/2024,78.54,79.65,77.9,78.21,1428574
11/15/2024,77.95,78.41,77.16,78.03,1183201
11/18/2024,78.05,78.93,77.06,77.1,1893581
11/19/2024,75.65,75.82,74.36,75.3,1701085
11/20/2024,74.87,76.72,74.63,76.66,1883257
11/21/2024,77.91,81.33,77.5,80.63,3292111
11/22/2024,81.27,81.93,80.47,81.6,1932648
11/25/2024,83.08,86.49,82.18,85.15,3663758
11/26/2024,83.51,85.25,83.18,85.09,1572694
11/27/2024,85.65,86.355,84.025,84.59,1487104
11/29/2024,85,85.3073,83.95,83.97,766757
12/02/2024,83.81,84.155,83.01,83.18,1507109
12/03/2024,83.22,84.6699,82.73,84.22,2168333
12/04/2024,84,84.6421,83.33,83.63,1613046
12/05/2024,84.18,85.48,84.18,84.56,1556142
12/06/2024,85.5,86.6,85.235,86.23,4215792
12/09/2024,86.45,87.98,86.4203,87.2,2491431
12/10/2024,87.5,87.5,85.09,86.08,1463785
12/11/2024,87,87.87,86.55,87,1447046
12/12/2024,86.63,87.57,86.615,86.78,1212852
12/13/2024,86.79,86.79,85.53,86.26,1303453
12/16/2024,86.29,86.97,85.05,85.98,2352812
12/17/2024,85.2,85.87,83.08,83.12,3200208
12/18/2024,84.18,84.69,81.2,81.42,4070969
12/19/2024,91.25,91.25,82.985,84.23,5272090
12/20/2024,85.4,85.4,82.12,84.27,3789227
12/23/2024,84.11,84.1954,82.53,83.7,1741066
12/24/2024,84,85.2,83.6278,84.91,900261
12/26/2024,84.23,85.54,83.79,85.17,1104017
12/27/2024,84.1,85.31,83.27,83.77,1284764
12/30/2024,83.33,83.35,82.04,82.06,1111464
12/31/2024,82.27,82.385,81.44,81.76,1253879
01/02/2025,82.14,82.87,81.135,81.22,1667942
01/03/2025,80.75,81.325,79.5,80.07,1923579
01/06/2025,80.845,81.28,79.61,79.75,1847287
01/07/2025,79.76,80.29,78.53,79.12,1632536
01/08/2025,79.11,82.12,78.75,81.93,2304720
01/10/2025,80.54,80.54,78.32,78.34,1753347
01/13/2025,77.64,78.57,77,78.5,1633872
01/14/2025,79.13,79.78,78.61,79.57,1303487
01/15/2025,82.04,82.08,80.04,80.28,1497530
01/16/2025,79.9,80.29,79.06,79.65,1433997
01/17/2025,80.29,80.29,78.68,78.94,1438204
01/21/2025,79.45,80.26,78.45,79.5,1519114
01/22/2025,79.23,79.57,78.06,78.27,1713121
01/23/2025,78.42,82.03,78.42,81.99,2226162
01/24/2025,81.91,82.99,81.91,82.73,1091262
01/27/2025,82.81,85.08,82.75,84.53,1575023
01/28/2025,84.63,85.375,83.61,85.28,1365027
01/29/2025,85.2,86.34,84.93,85.7,1388175
01/30/2025,86.97,88.87,86.6,87.59,1500241
01/31/2025,87.18,87.63,85.47,85.64,1410408
02/03/2025,84.35,85.17,83.0035,84.24,1483326
02/04/2025,83.68,84.58,82.97,84.15,1398639
02/05/2025,84.75,84.78,83.155,83.88,1391347
02/06/2025,86.1,86.6,85.2101,86.54,1583006
02/07/2025,86.28,86.64,84.83,85.25,889480
02/10/2025,86.73,86.7326,84.3601,85.45,1511036
02/11/2025,84.62,86.86,83.94,86.7,1071058
02/12/2025,85.22,86.67,84.26,86.44,1802843
02/13/2025,86.99,88.18,86.68,87.6,1135986
02/14/2025,88.17,89.24,87.85,88.9,1644738
02/18/2025,88.75,89.47,88.2805,89.19,1514531
02/19/2025,88.41,88.52,86.04,87.44,1764578
02/20/2025,87.35,87.7,84.89,85.6,1346804
02/21/2025,86.24,86.38,82.57,82.61,1576518
02/24/2025,83.27,83.64,81.8651,82.89,1076131
02/25/2025,83.27,83.66,82.63,82.96,1217591
02/26/2025,83.29,84.09,82.265,82.52,1469268
02/27/2025,82.26,82.94,81.35,81.96,1210656
02/28/2025,82.36,83.22,81.83,82.97,1530200
03/03/2025,83.96,84.49,81.085,81.51,1466295
03/04/2025,80.54,82.3015,78.89,81.15,1989348
03/05/2025,80.83,80.9,77.87,79.1,2965484
03/06/2025,77.87,79.37,77.22,77.48,1972006
03/07/2025,77,77.26,73.905,76.72,2357060
03/10/2025,75.9,75.9,73.78,74,3001337
03/11/2025,73.58,74.135,70.86,72.77,2446466
03/12/2025,73.2,74.195,71.9327,72.54,2044922
03/13/2025,72.55,72.89,68.41,69.25,2436932
03/14/2025,70.24,70.54,69.29,69.9,1869626
03/17/2025,69.92,72.37,69.84,71.87,2328137
03/18/2025,71.43,71.75,69.64,70.33,1642718
03/19/2025,70.67,71.68,67.2,70.83,3468261
03/20/2025,70.12,72.3,69.8219,71.69,2361222
03/21/2025,70.82,71.95,69.7,71.32,2722818
03/24/2025,72.18,73.85,71.75,73.54,2200872
03/25/2025,73.54,74.5,73.13,74.26,1906939
03/26/2025,75.59,76.42,74.92,75.07,2401681
03/27/2025,74.72,77.82,73.7,76.93,4564340
03/28/2025,76.07,76.92,74.77,75.99,2800041
03/31/2025,75.18,78.38,74.607,77.92,2810698
04/01/2025,77.62,78.99,77.19,78.88,4104388
04/02/2025,78.04,82.7899,77.65,82.77,4015178
04/03/2025,79.29,80.17,76.135,76.46,4514441
04/04/2025,74.24,77.36,72.16,75.72,3650781
04/07/2025,73.55,77.185,71.31,73.76,4339734
04/08/2025,75.37,77.98,71.94,73.31,4539027
04/09/2025,72.12,81.79,72.03,80.06,7537803
04/10/2025,69.485,71.55,63.225,66.45,20279408
04/11/2025,65.99,68.89,65.4975,68.36,5219010
04/14/2025,69.02,70,67.05,67.5,4541939
04/15/2025,67.67,68.2,66.76,67.73,3230101
04/16/2025,66.77,67.05,63.33,64.11,3787296
04/17/2025,64.04,64.77,63.63,64.59,2270752
04/21/2025,63.76,64.19,61.67,62.33,2886754
04/22/2025,63.05,65.75,63.05,65.05,3057628
04/23/2025,67.01,68.53,65.631,65.8,2489115
04/24/2025,65.93,66.34,64.72,65.68,2432443
04/25/2025,65.13,65.645,64.55,65.03,2156229
04/28/2025,65.81,66.93,64.32,65.11,3041899
04/29/2025,64.44,65.28,64.3,64.86,2785949
04/30/2025,63.58,64.74,62.145,64.67,3704934
05/01/2025,65.39,66.9568,64.1,65.52,3454025
05/02/2025,66.26,67.1,65.735,66.71,2086466
05/05/2025,66.1,67.3,65.88,66.29,3236154
05/06/2025,65.32,66.65,65.15,66.37,2310585
05/07/2025,67.05,67.395,65.15,65.88,2776563
05/08/2025,66.15,67.81,65.38,66.55,3847882
05/09/2025,67.05,67.055,65.68,66.1,2099257
05/12/2025,69.81,70.26,68.24,69.06,3465707
05/13/2025,69.47,70.37,69.08,69.56,2589325
05/14/2025,69.33,69.33,67.585,67.82,4084366
05/15/2025,67.34,67.93,66.62,67.9,2746080
05/16/2025,67.5,67.865,67,67.25,2631724
05/19/2025,66.25,68.44,65.86,67.97,2615942
05/20/2025,67.73,67.9437,66.59,66.78,2555595
05/21/2025,66,66.19,63.285,63.34,3209743
05/22/2025,63.12,63.38,62.155,63.22,2914875
05/23/2025,61.59,62.66,61.3406,62.27,3156913
05/27/2025,62.84,63.6325,62.06,62.96,2775959
05/28/2025,63.03,64.03,62.74,62.91,3598666
05/29/2025,63.28,63.35,62.2,63,2068550
05/30/2025,62.51,64.9799,61.8,64.46,13813824
06/02/2025,63.99,64.405,62.09,64.2,2558655
06/03/2025,64.29,66.66,63.34,66.25,2522578
06/04/2025,66.11,66.46,65.68,65.91,2438976
06/05/2025,65.94,66.37,65.1,65.4,2051921
06/06/2025,66.21,66.64,65.045,65.71,1821692
06/09/2025,66.49,67.24,65.81,67.2,2760410
06/10/2025,67.625,68.92,67.535,68.49,4349266
06/11/2025,68.69,68.83,67.7,67.83,3767895
06/12/2025,66.93,67.18,65.78,66.11,2498061
06/13/2025,65.02,66.395,64.4092,64.91,3435702
06/16/2025,65.85,66.32,64.98,65.85,3490530
06/17/2025,65.33,65.67,64.21,64.43,3583124
06/18/2025,64.31,65.05,63.89,64.33,5626536
06/20/2025,70.27,70.43,65.5,68.57,12458091
06/23/2025,67.94,68,64.35,67.17,6211413
06/24/2025,67.56,69.725,66.76,69.21,5538552
06/25/2025,68.26,69.475,67.46,67.5,4196558
06/26/2025,67.92,68.26,66.45,66.67,2377686
06/27/2025,67.17,67.73,66.15,66.6,5648028
06/30/2025,66.63,67.62,65.95,67.21,3178445
07/01/2025,67.56,70.88,66.87,70.28,3385700
07/02/2025,70.46,71.985,70.16,71.57,2831700
07/03/2025,71.39,71.99,70.53,70.61,1313519
07/07/2025,69.58,70.005,68.2,68.78,2486898
07/08/2025,69,69.3799,68.06,68.38,3065600
07/09/2025,68.51,68.7099,66.92,67.27,2513324
07/10/2025,67.14,67.53,66.31,66.94,4280602
07/11/2025,66.08,66.3996,64.25,64.34,3030999
07/14/2025,64.6,66.23,64.415,65.2,2632226
07/15/2025,66.04,66.04,62.56,62.98,3186592
07/16/2025,63.33,63.76,61.6544,62.39,2777584
07/17/2025,62.81,63.1054,61.52,62.28,2887005
07/18/2025,62.85,63.23,61.865,62.62,2813405
07/21/2025,62.62,62.855,61.47,61.47,2971955
07/22/2025,61.71,63.655,61.55,63.53,2705942
07/23/2025,63.49,63.74,61.88,62.83,3658161
07/24/2025,62.14,62.19,60.21,60.22,3508744
07/25/2025,60.65,60.87,59.96,60.72,2199113
07/28/2025,60.88,61.39,60.08,60.26,2104719
07/29/2025,60.21,60.295,58.92,59.07,2802117
07/30/2025,59.26,59.36,57.54,58,3404192
07/31/2025,57.68,58.33,56.41,56.61,4338976
08/01/2025,56.52,56.815,55.37,55.98,3829166
08/04/2025,56.3,56.75,54.53,54.66,3119005
08/05/2025,54.97,56.65,54.81,56.1,3529616
08/06/2025,57.07,57.92,56.01,56.22,4019487
08/07/2025,57,57.215,55.03,55.25,2353150
08/08/2025,55.56,55.56,54.7201,54.96,1738298
08/11/2025,55.43,56.21,55.03,55.94,2172285
08/12/2025,56.42,57.03,56.1722,56.66,2284962
08/13/2025,56.78,58.74,56.445,58.62,3314172
08/14/2025,57.9,58.19,57.21,58.14,2542708
08/15/2025,58.49,58.92,57.561436,57.76,2382742
08/18/2025,58.13,58.68,57.67,58.45,2396347
08/19/2025,58.78,60.4399,58.555,59.38,2446893
08/20/2025,57.25,59.38,56.82,57.81,3704006
08/21/2025,57.5,58.25,56.95,57.89,1586231
08/22/2025,58.34,60.46,58,60.06,1812021
08/25/2025,59.69,60.2936,59.46,59.86,1543580
08/26/2025,59.9,60.1199,59.495,59.67,1703204
08/27/2025,59.96,62.48,59.66,62.07,3416205
08/28/2025,61.76,62.19,60.145,62.17,3371319
08/29/2025,62.3,62.5629,61.22,61.35,1865100
09/02/2025,60.45,60.795,59.43,59.69,2719775
09/03/2025,59.42,61.08,59.3,60.21,5112834
09/04/2025,60.28,60.99,59.07,60.95,2333637
09/05/2025,61.31,62.34,60.33,60.7,2367987
09/08/2025,60.43,61.51,59.75,61.38,2628681
09/09/2025,61,61.7,60.8,61.38,2238258
09/10/2025,60.64,61.83,58.73,59.19,2502525
09/11/2025,59.25,61.63,59.1801,61.25,3015724
09/12/2025,60.93,61.08,59.61,59.77,1976367
09/15/2025,60.18,61.7,59.61,60.42,2657410
09/16/2025,60.62,60.81,59.5,60.35,2204887
09/17/2025,59.57,61.7,59.02,59.13,2679871
09/18/2025,60.05,60.47,59.48,60,2336998
09/19/2025,59.955,59.955,58.05,58.43,5811694
09/22/2025,58.42,58.555,57.715,58.1,3065610
09/23/2025,58.69,59.086,57.15,57.6,3293021
09/24/2025,57.65,58.45,56.55,57.05,5670382
09/25/2025,45.02,46.66,42.75,45.6,28496936
09/26/2025,44.75,46.59,44.55,44.86,10160715
09/29/2025,45.2,45.35,44.191,45.25,7496415
09/30/2025,45.09,45.47,44.48,44.87,5210237
10/01/2025,45.27,46.11,44.53,46.04,6157459
10/02/2025,45.57,47.44,45.57,46.07,5937524
10/03/2025,46.42,46.579,45.82,46.42,2833553
10/06/2025,46.8,47.01,46.0528,46.81,4006060
10/07/2025,46.79,47.18,44.83,44.86,4238148
10/08/2025,44.85,44.88,44.34,44.36,4079876
10/09/2025,44.42,44.435,43.68,44.11,2980309
10/10/2025,44.3,44.5948,43.07,43.17,4297509
10/13/2025,43.66,43.95,43.05,43.69,3858845
10/14/2025,43.44,44.44,43.04,44,3700447
10/15/2025,43.72,45.03,43.23,44.42,3655248
10/16/2025,44.245,45,42.86,43.27,3675131
10/17/2025,43.2,43.94,42.43,42.9,2935966
10/20/2025,43.04,43.58,42.34,43.03,3379015
10/21/2025,43.2,45.14,42.94,44.7,3117891
10/22/2025,44.61,45.03,43.77,43.86,3660565
10/23/2025,43.42,43.56,42.5,43.12,4480635
10/24/2025,43.76,44.495,43.21,44.26,3309280
10/27/2025,44.71,45.095,44.07,45.08,3238692
10/28/2025,44.91,45,44.16,44.45,3442875
10/29/2025,43.82,44.105,42.235,42.46,3774545
10/30/2025,41.43,43.165,41.13,41.87,36898724
10/31/2025,41.74,42.76,41.14,41.91,7502495
11/03/2025,41.5,41.63,40.34,41.34,4954016
11/04/2025,40.85,41.13,40.5,40.75,3496097
11/05/2025,40.87,41.39,40.34,40.81,4040880
11/06/2025,36.08,36.5,30.26,30.88,28931612
11/07/2025,30.76,32.38,30.685,32.36,12321881
11/10/2025,32.03,33.61,31.8119,33.25,8021694
11/11/2025,33.49,34.4299,33.49,34.14,5763246
11/12/2025,33.69,34.76,33.61,34.42,4698572
11/13/2025,34.2,34.83,33.635,34.79,4283544
11/14/2025,34.66,34.81,33.87,34.43,3564545
11/17/2025,34.38,34.38,32.095,32.11,4555322
11/18/2025,32.1,33.54,31.95,33.44,4430519
11/19/2025,33.6,34.21,32.75,34.2,3403948
11/20/2025,34.46,35.065,33.45,33.52,4179525
11/21/2025,34.04,35.535,33.83,35.33,5420138
11/24/2025,35.03,36.155,34.71,35.63,5812366
11/25/2025,36.1,38.29,35.91,37.53,5199568
11/26/2025,37.3,39.275,37.21,38.2,4839275
11/28/2025,38.24,38.82,37.81,38.66,1365201
12/01/2025,38.18,39.51,37.83,38.56,2646223
12/02/2025,38.75,39.3,38.28,38.71,3773936
12/03/2025,38.81,39.55,38.6501,39.02,2757780
12/04/2025,39.17,39.29,38.39,38.9,2404637
12/05/2025,38.9,39.69,38.55,38.82,3233991
12/08/2025,39.23,39.73,38.48,39.26,3722707
12/09/2025,39.13,39.505,38.7,39.03,2648536
12/10/2025,39.15,41.7,38.96,41.21,3961727
12/11/2025,41.04,41.7,40.75,41.65,3581151
12/12/2025,42,42.055,40.85,41.01,3378096
12/15/2025,41.83,41.93,40.74,40.92,4434927
12/16/2025,40.2,41.0576,40,40.63,3782341
12/17/2025,40.46,41.3,40.19,41.07,5478824
12/18/2025,38.4,41.99,38.34,39.34,12481696
12/19/2025,38.55,39.03,37.39,38.47,9283111
12/22/2025,38.33,39.26,37.82,38.15,7109020
12/23/2025,38.35,38.72,37.76,38.45,3521322
12/24/2025,38.72,39.59,38.1001,39.18,1929915
12/26/2025,38.96,39.31,38.65,39.27,2562322
12/29/2025,39.43,39.43,38.45,39.17,3040744
12/30/2025,38.96,39.57,38.781,39.31,2578543
12/31/2025,39.22,39.5,38.59,38.64,2109868
01/02/2026,38.77,39.41,38.25,39.29,2738040
01/05/2026,39.15,41.31,38.865,40.32,4562634
01/06/2026,39.94,41.025,39.56,40.93,3009363
01/07/2026,41.86,43.73,41.52,43.12,6511473
01/08/2026,42.51,45.38,42.32,44.62,4983114
01/09/2026,44.91,45.43,43.75,45.23,3195101
01/12/2026,44.74,45.39,44.2,44.7,2564069
01/13/2026,44.88,46.485,44.04,46.45,3965228
01/14/2026,46.28,48.5,46,46.8,5833909
01/15/2026,46.74,48.83,46.6,48.52,4868502
01/16/2026,48,48.85,48,48.83,3134928
01/20/2026,48.02,48.205,46.985,47.45,4125554
01/21/2026,47.9,49.08,47.61,48.75,2911998
01/22/2026,49.01,49.885,47.28,47.83,3940293
01/23/2026,47.54,47.88,46.15,46.29,2268968
01/26/2026,46.36,46.36,44.46,45.14,2943008
01/27/2026,45.06,46.82,44.28,46.34,2828097
01/28/2026,46.7,47.75,45.69,46.96,3259889
01/29/2026,46.34,46.77,44.9012,45.53,3177046
01/30/2026,45.46,45.575,44.03,44.54,3283258
02/02/2026,44.2,45.26,43.81,44.78,2429378
02/03/2026,44.64,46.8,44.51,45.17,2657415
02/04/2026,45.96,47.985,45.35,47.26,3992412
02/05/2026,46.7,47.1,45.34,45.47,2738793
02/06/2026,45.82,47.72,45.65,47.17,2685828
02/09/2026,47.71,47.76,46.375,46.46,1767997
02/10/2026,46.99,47.2,45.82,45.83,2004431
02/11/2026,45.56,46.19,44.425,45.8,2828065
02/12/2026,44.77,45.9798,40.065,40.96,7762548
02/13/2026,41.94,41.94,39.8,41.43,3842153
02/17/2026,41.65,43.15,41,42.25,4752286
02/18/2026,42.41,46.18,42.35,45.65,5318525
02/19/2026,45.3,46.41,44.37,44.58,3187641
02/20/2026,44.34,45.6,43.73,44.5,2439714
02/23/2026,44.14,44.14,41.87,42.32,3748890.2
02/24/2026,42.86,43.89,42.69,43.15,2481989
02/25/2026,42.91,43.2,41.8,42.06,3799014.5
02/26/2026,42.52,43.59,42.241,42.86,3072100.8
02/27/2026,41.92,43.685,41.43,43.17,2943211.2
03/02/2026,42.22,42.42,41.27,41.81,2799256.2
03/03/2026,40.43,42.279,39.345,41.84,2708580
03/04/2026,41.99,42.58,41,42.12,2500948.2
03/05/2026,41.64,42.4,41.365,42.05,2073923.5
03/06/2026,41.09,42.34,40,42.19,3001309.2
03/09/2026,40.88,42.52,40.14,42.5,3902091.2
03/10/2026,42.5,43.215,42,42.14,4050562.2
03/11/2026,44.8,45.44,41.76,42.5,5861894.5
03/12/2026,41.86,42.6,40.8312,41,2304765.2
03/13/2026,41.35,42.33,41.105,41.84,2926550
03/16/2026,42.1,42.57,41.545,41.71,3204637
03/17/2026,42.38,43.06,42.125,42.33,2289509.2
03/18/2026,42.11,43.21,41.73,41.8,2227656.2
03/19/2026,41.49,42.56,40.75,42.38,2127750.5
03/20/2026,42.44,42.7,41.4,41.86,5771423
03/23/2026,42.73,44.02,42.23,42.89,2598098.8
03/24/2026,42.51,43.82,42.08,42.1,2958099
03/25/2026,42.63,43.28,40.12,41.88,5529118
03/26/2026,41.74,42.74,41.543,42.68,2458789.8
03/27/2026,42.41,42.61,40.725,40.86,2331620.8
