12/01/2022,45.25,45.8,44.91,45.57,990414
12/02/2022,44.77,45.42,44.605,45.22,663798
12/05/2022,44.77,45.2,44.37,44.59,877619
12/06/2022,44.74,45,43.35,43.95,852151
12/07/2022,43.73,43.93,43.29,43.77,1178361
12/08/2022,44,44.11,43.46,43.75,1137676
12/09/2022,43.58,44,43.315,43.46,1213904
12/12/2022,43.53,43.91,42.92,43.79,1054710
12/13/2022,45.33,45.52,43.82,43.96,1705637
12/14/2022,43.82,44.39,42.82,42.94,3946228
12/15/2022,42.28,42.52,41.27,41.7,2559313
12/16/2022,41.26,41.75,40.205,40.95,3657854
12/19/2022,40.94,41.12,39.98,40.44,2333894
12/20/2022,40.44,40.875,40.155,40.52,799234
12/21/2022,40.86,41.4,40.69,40.89,748480
12/22/2022,40.34,40.34,39.285,39.87,1510127
12/23/2022,39.75,40.01,39.45,39.77,1084574
12/27/2022,39.8,40.295,39.385,39.71,1737412
12/28/2022,39.8,39.985,38.98,39.1,840947
12/29/2022,39.42,40.46,39.29,40.45,938266
12/30/2022,40.07,40.45,39.95,40.38,558353
01/03/2023,40.92,41.14,40.25,40.61,1508075
01/04/2023,41.23,41.89,40.88,41.51,977911
01/05/2023,41.13,42.11,41,41.89,1125201
01/06/2023,42.36,43.48,42.36,43.34,949392
01/09/2023,43.88,44.31,43.53,43.63,1006508
01/10/2023,43.6,44.15,43.49,44.11,930431
01/11/2023,44.14,44.66,44.14,44.48,1217045
01/12/2023,44.67,45.51,44.25,45.42,1476431
01/13/2023,45.01,45.48,44.7,45.29,993783
01/17/2023,45.22,45.4642,44.77,44.84,670549
01/18/2023,45.19,45.71,44.9,44.94,919252
01/19/2023,44.45,44.62,43.6,43.68,854056
01/20/2023,44.13,44.87,43.88,44.85,1395634
01/23/2023,45.15,46.37,45.01,46.34,1299934
01/24/2023,45.62,46.77,45.56,46.58,951445
01/25/2023,45.89,46.18,45.19,46.18,816658
01/26/2023,46.55,46.68,45.71,46.35,791519
01/27/2023,46.13,47.03,45.98,46.79,1239670
01/30/2023,46.35,46.74,45.88,45.88,1676744
01/31/2023,47.9,50.95,47.62,50.85,2843492
02/01/2023,50.82,52.75,50.78,52.63,2186281
02/02/2023,53.48,54.34,53.14,53.87,1498156
02/03/2023,52.88,53.47,52.62,53.29,1357175
02/06/2023,52.68,53,52.45,52.63,707659
02/07/2023,52.33,53.26,52.14,53.07,990581
02/08/2023,52.56,53.17,52.16,52.26,935989
02/09/2023,51.85,52.6,51.54,51.68,1048361
02/10/2023,51.33,51.6,50.85,51.52,1337650
02/13/2023,51.63,52.13,51.5,51.95,881602
02/14/2023,51.43,52.41,51.16,52.37,664400
02/15/2023,51.82,52.63,51.66,52.63,977029
02/16/2023,51.92,52.74,51.65,52.38,847263
02/17/2023,52.34,52.37,51.84,52.17,536423
02/21/2023,51.61,51.75,50.73,51.03,790099
02/22/2023,51.17,51.43,50.08,50.21,785860
02/23/2023,51.08,51.32,49.865,50.55,444028
02/24/2023,49.7,50.165,49.3901,50.04,475530
02/27/2023,50.75,51.28,50.05,50.13,486621
02/28/2023,50.24,50.98,50.19,50.58,706148
03/01/2023,50.71,51.4,50.535,50.77,882306
03/02/2023,50.07,51.115,49.82,51.02,617841
03/03/2023,51.42,51.72,51.16,51.65,602872
03/06/2023,51.81,52.05,50.97,51.07,786972
03/07/2023,51.13,51.17,50.44,50.52,686397
03/08/2023,50.49,51.16,50.37,51.12,617894
03/09/2023,51.29,51.62,49.79,49.83,765066
03/10/2023,49.89,50.03,48.13,48.41,838714
03/13/2023,47.59,47.76,46.74,47.16,725523
03/14/2023,48.4,49.2,48.03,48.4,986740
03/15/2023,47,47.215,45.395,46.41,960821
03/16/2023,45.75,47.1,45.64,46.96,945077
03/17/2023,46.76,46.81,45.41,45.63,1046174
03/20/2023,46.06,46.83,46.06,46.46,733214
03/21/2023,47.33,47.95,47.33,47.79,848460
03/22/2023,47.77,48.26,46.82,46.86,839716
03/23/2023,47.14,48.05,46.115,46.81,984764
03/24/2023,46.24,46.895,45.67,46.83,930431
03/27/2023,47.71,48.125,46.96,47.16,1001450
03/28/2023,47.11,47.65,46.915,47.59,770263
03/29/2023,48.15,48.805,48.08,48.76,721574
03/30/2023,49.39,49.565,48.895,49.05,691199
03/31/2023,49.43,50.07,49.2,50.02,688420
04/03/2023,49.86,50.11,49.02,49.41,871938
04/04/2023,49.41,49.535,47.23,47.56,864817
04/05/2023,47.385,47.385,46.13,46.41,1090055
04/06/2023,46.3,46.3,45.595,45.78,581446
04/10/2023,45.68,46.74,45.52,46.7,618094
04/11/2023,47.09,47.35,46.9,47,687812
04/12/2023,47.56,47.67,46.66,46.75,650282
04/13/2023,47.09,47.51,46.38,47.22,923336
04/14/2023,47.24,48.11,47.16,47.34,754560
04/17/2023,47.33,47.48,47.17,47.34,1281238
04/18/2023,47.7,48.105,47.15,47.54,1164977
04/19/2023,47.47,48.17,47.26,48.02,1305297
04/20/2023,47.61,48.06,46.92,48,1227421
04/21/2023,47.91,48.1475,47.53,47.81,809051
04/24/2023,47.62,48.1,47.56,47.87,1420745
04/25/2023,46.405,46.405,43.93,44.14,3031157
04/26/2023,43.82,44.18,43.08,43.22,1927787
04/27/2023,43.52,43.65,42.1,43.28,1501891
04/28/2023,43.03,43.75,42.75,43.45,1351842
05/01/2023,43.53,43.98,43.09,43.29,1066323
05/02/2023,43.02,43.13,42.06,42.86,937698
05/03/2023,43.05,43.0625,41.83,41.92,1452862
05/04/2023,41.67,41.95,40.365,40.76,1389091
05/05/2023,41.54,41.9,40.97,41.56,809708
05/08/2023,41.88,41.88,41.33,41.46,1575984
05/09/2023,41.05,41.14,40.78,40.88,956026
05/10/2023,41.35,41.35,39.71,40.33,1084949
05/11/2023,40.02,40.56,39.84,40.21,871674
05/12/2023,40.54,40.64,39.87,40.14,596314
05/15/2023,40.11,41.32,40.05,41.15,1038475
05/16/2023,40.65,40.755,40.13,40.29,597272
05/17/2023,40.67,41.22,40.55,40.96,1144060
05/18/2023,41.02,41.77,40.96,41.74,603115
05/19/2023,42.11,42.39,41.265,41.46,822862
05/22/2023,41.5,42.11,41.455,41.91,600312
05/23/2023,41.69,42.12,41.3,41.31,531712
05/24/2023,40.9,40.99,40.275,40.64,711882
05/25/2023,40.85,41.14,40.28,40.58,582513
05/26/2023,40.71,41.98,40.71,41.97,725452
05/30/2023,42.21,42.52,41.88,42.46,1799080
05/31/2023,41.76,42.24,40.96,41.52,2287293
06/01/2023,41.52,42.02,41.105,41.83,952970
06/02/2023,42.52,43.24,42.11,42.94,726911
06/05/2023,42.86,42.91,41.87,42.72,968746
06/06/2023,42.72,44,42.72,43.88,565535
06/07/2023,43.85,44.77,43.84,44.57,620568
06/08/2023,44.57,44.75,43.73,43.84,885509
06/09/2023,43.89,44.31,43.51,43.82,775830
06/12/2023,43.97,44.65,43.62,44.29,758254
06/13/2023,44.78,45.09,44.52,44.83,824172
06/14/2023,44.98,45.46,44.41,44.55,999088
06/15/2023,44.64,45.17,44.51,45.01,689997
06/16/2023,45.11,45.58,44.97,45.34,1662355
06/20/2023,44.91,45.02,44.485,44.87,683541
06/21/2023,44.6,45.015,44.16,44.54,636470
06/22/2023,44.15,44.15,43.6,43.81,760177
06/23/2023,43.26,43.42,42.75,43.12,963634
06/26/2023,43.31,43.95,43.235,43.63,793000
06/27/2023,44.04,44.75,43.6,44.49,917721
06/28/2023,44.44,44.66,44.17,44.43,751540
06/29/2023,44.51,44.88,44.36,44.46,712824
06/30/2023,44.87,45.28,44.36,44.99,1158975
07/03/2023,44.85,44.97,44.1,44.33,950487
07/05/2023,43.8,44.075,43.245,43.95,1656552
07/06/2023,43.36,43.75,42.86,43.42,1099620
07/07/2023,43.47,44.79,43.39,44.41,1103666
07/10/2023,44.11,44.89,44.08,44.54,863112
07/11/2023,44.81,45.25,44.59,45.2,1138732
07/12/2023,45.96,46.01,45.225,45.45,1118173
07/13/2023,45.75,45.955,45.25,45.77,856144
07/14/2023,45.82,45.87,45.06,45.47,999493
07/17/2023,45.26,46.34,45.12,46.24,1073974
07/18/2023,46.25,47.19,46.25,47.18,919335
07/19/2023,47.215,47.41,46.81,47.09,897952
07/20/2023,46.99,46.99,46.12,46.28,1028521
07/21/2023,46.35,46.77,46.04,46.41,930741
07/24/2023,46.43,46.95,46.25,46.48,1324186
07/25/2023,42.24,44.73,42.24,42.55,2499058
07/26/2023,42.25,42.81,41.34,41.83,2039832
07/27/2023,42,42.47,41.49,41.82,1698247
07/28/2023,42.27,42.65,41.85,42.05,1972846
07/31/2023,42.12,42.455,42.11,42.25,1216369
08/01/2023,41.87,42.025,41.5,42,1428533
08/02/2023,41.51,41.99,41.31,41.73,734317
08/03/2023,41.5,41.97,41.2,41.49,841190
08/04/2023,41.91,41.91,40.9,40.96,876093
08/07/2023,41.09,41.26,40.94,41.14,1042499
08/08/2023,40.52,40.89,39.905,40.87,1043084
08/09/2023,40.83,40.92,40.48,40.69,1532510
08/10/2023,40.8,40.94,40,40.3,1319297
08/11/2023,40.2,40.24,39.06,39.22,898585
08/14/2023,39.18,40.18,39.01,40.07,1639695
08/15/2023,39.61,40.01,39.29,39.46,1201892
08/16/2023,39.18,39.44,38.54,38.55,954470
08/17/2023,38.79,38.935,37.98,37.98,699345
08/18/2023,37.94,38.15,37.62,37.71,781575
08/21/2023,37.73,37.77,37.21,37.41,753881
08/22/2023,37.63,37.94,37.36,37.4,765080
08/23/2023,37.28,37.55,37.15,37.49,775693
08/24/2023,37.5,37.72,37.15,37.15,955208
08/25/2023,37.43,37.565,36.71,37.1,1026215
08/28/2023,37.39,37.81,37.31,37.6,950702
08/29/2023,37.58,38.13,37.435,37.9,1188892
08/30/2023,37.96,38.1,37.485,37.57,959415
08/31/2023,37.68,38.06,37.58,37.62,1313141
09/01/2023,38.02,38.24,37.645,38,1516959
09/05/2023,39.32,39.61,38.34,38.39,3728714
09/06/2023,38.1,38.49,38.045,38.23,1974578
09/07/2023,37.72,37.94,36.76,36.84,3158175
09/08/2023,36.74,37.38,36.74,37.1,1855655
09/11/2023,37.31,37.6,37.12,37.17,2327060
09/12/2023,37,37.78,36.93,37.42,2374945
09/13/2023,37.73,37.73,36.89,37.24,2535369
09/14/2023,37.63,37.8,37.12,37.35,2481440
09/15/2023,37.2,38.05,37.18,37.89,23136858
09/18/2023,37.62,38.22,37.465,37.93,2405202
09/19/2023,38.07,38.19,37.605,37.75,1728909
09/20/2023,37.7,37.91,37.12,37.24,1707213
09/21/2023,36.92,36.96,36.41,36.7,1521931
09/22/2023,36.68,37.15,36.68,36.84,1786855
09/25/2023,36.72,36.83,36.41,36.54,1322187
09/26/2023,36.18,36.54,36.06,36.17,1791717
09/27/2023,36.59,37.52,36.34,37.18,2995864
09/28/2023,37.37,38.27,37.21,38.22,2351624
09/29/2023,38.53,38.62,37.8,37.82,1545566
10/02/2023,37.69,38.07,37.33,37.65,1821967
10/03/2023,37.5,37.855,37.21,37.59,2425527
10/04/2023,37.62,37.97,37.035,37.83,1592107
10/05/2023,37.72,37.86,36.5,36.71,1474043
10/06/2023,36.6,37.715,36.54,37.34,1224280
10/09/2023,37.02,37.53,36.585,37.36,1305829
10/10/2023,37.55,37.86,37.36,37.64,1360967
10/11/2023,37.74,37.95,37.28,37.74,1179357
10/12/2023,37.98,37.98,37.12,37.41,1200087
10/13/2023,37.36,37.6,36.56,36.78,1211691
10/16/2023,37.21,37.755,36.98,37.43,1328026
10/17/2023,37.17,38.09,37.17,37.69,1260786
10/18/2023,37.17,37.2126,36.415,36.43,1142676
10/19/2023,36.19,36.64,35.74,35.75,1443857
10/20/2023,35.6,35.81,35.4,35.56,1947434
10/23/2023,35.43,35.63,34.83,34.83,1495130
10/24/2023,35.06,35.5,34.78,35.17,1170407
10/25/2023,34.97,34.98,34.28,34.44,949368
10/26/2023,34.6,35.025,34.3,34.56,1645010
10/27/2023,34.6,34.69,34.14,34.31,1526977
10/30/2023,34.31,34.55,33.775,34.1,2412231
10/31/2023,33.58,34.45,31.29,31.88,3270428
11/01/2023,32.09,32.165,30.81,31.65,2397357
11/02/2023,32.08,32.1676,31.14,31.73,2280731
11/03/2023,32.39,33.19,32.16,32.46,1661141
11/06/2023,32.58,32.73,31.62,31.86,2261598
11/07/2023,31.56,31.8,31.175,31.61,1523768
11/08/2023,31.54,31.83,31.2,31.32,1655864
11/09/2023,31.71,31.81,30.77,30.88,2381046
11/10/2023,30.91,31.649,30.56,31.55,2055508
11/13/2023,31.38,31.49,30.85,31.07,2461159
11/14/2023,31.77,32.73,31.72,32.72,3422226
11/15/2023,32.7,33.96,32.54,33,2875203
11/16/2023,32.97,33.36,32.175,32.69,1379544
11/17/2023,32.83,32.97,31.77,32.62,1209895
11/20/2023,32.55,32.785,32.24,32.32,2721764
11/21/2023,32.09,32.24,31.705,31.8,2010952
11/22/2023,32.05,32.18,31.68,31.8,1301108
11/24/2023,31.67,32.2,31.61,31.99,605687
11/27/2023,31.78,32.04,31.67,31.89,2416794
11/28/2023,31.8,32.45,31.655,32.29,1577528
11/29/2023,32.69,33.06,32.32,32.37,2051615
11/30/2023,32.54,32.76,31.87,32.51,9920123
12/01/2023,32.51,33.3,32.185,33.18,1684724
12/04/2023,32.85,33.33,32.74,33.32,1934298
12/05/2023,33.06,33.36,32.75,32.89,1773009
12/06/2023,33.13,33.84,32.925,33.05,1455434
12/07/2023,33.05,33.72,32.98,33.66,1595952
12/08/2023,33.64,34.085,33.34,33.36,4871520
12/11/2023,33.41,34.02,33.335,33.81,2149819
12/12/2023,33.78,33.93,33.535,33.73,1350128
12/13/2023,33.7,34.905,33.5,34.85,1388797
12/14/2023,35.64,36.78,35.285,36.59,2609400
12/15/2023,36.48,36.63,35.745,36.06,2574247
12/18/2023,36,36.075,35.725,35.84,2150636
12/19/2023,36.19,36.64,36.08,36.6,1861130
12/20/2023,36.49,37.355,36.43,36.47,4111068
12/21/2023,36.79,37.51,36.61,37.49,2395769
12/22/2023,37.53,38.19,37.165,37.38,3862670
12/26/2023,37.45,37.63,37.18,37.55,3104631
12/27/2023,37.72,37.86,37.49,37.81,948777
12/28/2023,37.79,37.85,37.5606,37.76,928283
12/29/2023,37.58,37.945,37.43,37.57,1474976
01/02/2024,37.01,37.88,36.965,37.12,2363594
01/03/2024,36.61,36.795,35.9,36.2,3103066
01/04/2024,35.86,36.22,35.195,36.04,2913411
01/05/2024,35.96,36.655,35.945,36.22,2462658
01/08/2024,35.83,36.3,35.49,35.93,2597013
01/09/2024,35.46,35.72,35.28,35.62,2056260
01/10/2024,35.53,35.73,34.995,35.05,2321121
01/11/2024,35.01,35.0899,34.46,34.79,1943174
01/12/2024,35.15,35.34,34.17,34.26,1388560
01/16/2024,33.92,34.27,33.74,34.24,2221695
01/17/2024,33.72,34,33.46,33.82,3232048
01/18/2024,34.07,34.645,33.84,34.42,7761390
01/19/2024,34.54,34.54,33.88,34.45,1972332
01/22/2024,34.7,35.13,34.6,34.99,1672192
01/23/2024,35.48,35.48,34.885,35.33,2026237
01/24/2024,35.89,35.95,35.14,35.32,1609772
01/25/2024,35.65,35.72,35.075,35.4,1235637
01/26/2024,35.65,35.87,35.415,35.45,3066848
01/29/2024,35.28,35.775,35.19,35.75,3859333
01/30/2024,37.18,37.52,36.56,37.35,2794570
01/31/2024,37.13,37.24,36.155,36.17,2027430
02/01/2024,36.32,36.81,36.24,36.78,1102528
02/02/2024,36.52,36.865,36.05,36.56,1117884
02/05/2024,36.03,36.32,35.81,36.12,1728622
02/06/2024,33.53,33.62,32.24,33.06,5826703
02/07/2024,33.25,33.25,32.44,33.17,3029821
02/08/2024,33.03,33.11,32.6,32.71,2893074
02/09/2024,32.7,33.06,32.55,32.95,1687927
02/12/2024,33,33.85,33,33.62,2596802
02/13/2024,32.72,32.94,31.91,32.35,2688284
02/14/2024,32.75,33.135,32.54,32.74,2609712
02/15/2024,33,33.84,32.915,33.81,2977783
02/16/2024,33.64,34.16,33.48,33.68,3610258
02/20/2024,32.89,33.68,32.51,33.67,3163348
02/21/2024,33.45,34.26,33.31,34.25,3452621
02/22/2024,34.35,34.39,34.06,34.26,2165235
02/23/2024,34.21,35.11,34.21,35.03,1254921
02/26/2024,34.69,34.69,33.14,34.43,4595356
02/27/2024,34.74,35.005,34,34.01,3390793
02/28/2024,33.7,34.31,33.63,33.87,1398403
02/29/2024,34.2,34.58,33.875,34.42,2472249
03/01/2024,34.48,34.77,34.095,34.73,947057
03/04/2024,34.89,35.35,34.6,35.18,1467504
03/05/2024,34.94,35.02,33.7,33.91,2182864
03/06/2024,34.12,34.67,33.92,34.41,1265830
03/07/2024,34.56,35.32,34.56,35.07,1549550
03/08/2024,35.36,35.61,35.01,35.37,2449825
03/11/2024,35.29,35.68,35.05,35.49,1474264
03/12/2024,35.54,35.76,35.07,35.71,2056789
03/13/2024,35.7,36.06,35.42,35.81,2189743
03/14/2024,35.72,35.89,35.065,35.42,1786173
03/15/2024,35.16,35.7,35.16,35.57,2876645
03/18/2024,35.7,35.89,35.55,35.8,1408340
03/19/2024,35.58,36.01,35.58,35.69,1904670
03/20/2024,35.8,36.505,35.735,36.37,832582
03/21/2024,36.61,36.68,36.17,36.27,2325806
03/22/2024,36.28,36.43,35.68,35.7,1360837
03/25/2024,35.62,36.17,35.55,35.67,697412
03/26/2024,35.79,35.8375,34.9,34.91,1963523
03/27/2024,35.09,36.44,34.86,36.43,1418239
03/28/2024,36.45,36.84,36.26,36.74,958464
04/01/2024,36.97,37,36.45,36.46,1380852
04/02/2024,36.07,36.38,35.59,36.29,1579773
04/03/2024,36.44,36.76,36.23,36.76,1863917
04/04/2024,37.12,37.35,36.03,36.05,980251
04/05/2024,35.91,35.925,35.43,35.44,783927
04/08/2024,35.8,36.2271,35.582,35.89,762306
04/09/2024,35.54,36.54,35.38,36.19,1457945
04/10/2024,35.18,35.43,34.78,35.22,932548
04/11/2024,35.2,35.44,34.765,35.32,2004459
04/12/2024,34.93,35.105,34.47,34.58,1032288
04/15/2024,34.87,35.155,33.96,33.98,1008460
04/16/2024,33.8,34.1,33.54,33.67,1009898
04/17/2024,33.83,34.28,33.45,33.48,1358631
04/18/2024,33.52,33.76,33.32,33.51,939677
04/19/2024,33.41,33.87,33.375,33.7,1604128
04/22/2024,33.83,34.03,33.46,33.71,1259258
04/23/2024,33.75,34.46,33.45,34.26,975211
04/24/2024,34.19,34.68,33.99,34.42,890691
04/25/2024,34.11,34.43,33.835,34.38,856306
04/26/2024,34.4,35.1,34.255,34.98,1157495
04/29/2024,35.25,35.76,35.21,35.76,1824437
04/30/2024,42.82,42.88,38.16,38.31,14424037
05/01/2024,38.57,39.39,37.77,38.99,4859679
05/02/2024,39.31,39.585,38.28,39.4,3186422
05/03/2024,39.95,40.305,39.26,40.07,3457862
05/06/2024,41.9,41.9,40.875,41.09,3144001
05/07/2024,41.91,42.29,41.52,41.99,4134417
05/08/2024,41.65,42.94,41.65,42.55,3856788
05/09/2024,42.69,42.86,42.19,42.64,1646313
05/10/2024,42.85,43.11,41.95,42.34,1427992
05/13/2024,42.46,42.76,42.18,42.61,3168683
05/14/2024,43,43,42.39,42.69,2116582
05/15/2024,43.08,43.14,42.68,43.02,1749527
05/16/2024,42.98,43.12,42.59,42.64,1205153
05/17/2024,42.69,42.87,42.41,42.77,1754545
05/20/2024,42.75,42.96,42.49,42.54,1641411
05/21/2024,42.4,42.8,42.21,42.56,1170498
05/22/2024,42.47,42.5554,41.77,42,970831
05/23/2024,42.22,42.32,41.672,41.88,1160710
05/24/2024,42.15,42.34,41.83,41.85,1117317
05/28/2024,42.5,42.5982,41.685,41.74,1341094
05/29/2024,41.17,41.38,40.46,40.46,1557040
05/30/2024,40.53,40.755,40.29,40.5,1650767
05/31/2024,40.6,41.34,40.28,41.32,1460720
06/03/2024,41.53,41.73,41.16,41.18,2732359
06/04/2024,40.65,40.74,39.92,40.16,1909885
06/05/2024,40.24,40.295,39.63,40.11,1663202
06/06/2024,40.12,40.17,39.05,39.2,2083178
06/07/2024,38.84,39.49,38.77,39.46,1261491
06/10/2024,38.95,39.61,38.89,39.54,1358114
06/11/2024,39.33,39.48,38.84,39.22,1572064
06/12/2024,40.13,40.48,39.5,39.64,1049138
06/13/2024,39.63,39.755,38.9,39.3,1401160
06/14/2024,38.66,39.2,37.69,38.15,2177493
06/17/2024,38.1,38.5,37.985,38.44,1244230
06/18/2024,38.56,39.31,38.56,38.73,2336641
06/20/2024,38.57,38.6573,38.14,38.4,1083397
06/21/2024,38.42,38.42,37.63,38.01,2361079
06/24/2024,38.15,38.51,37.95,38.24,807334
06/25/2024,38.08,38.23,37.27,37.31,1950092
06/26/2024,36.99,37.12,36.61,37.06,3156643
06/27/2024,37.09,37.4,36.79,37.26,3536636
06/28/2024,37.39,37.96,36.85,37.39,2603434
07/01/2024,37.59,37.835,37.08,37.36,2885597
07/02/2024,37.31,37.98,37.22,37.69,1694725
07/03/2024,37.8,37.99,37.44,37.92,543084
07/05/2024,37.72,38.18,37.64,37.91,1994613
07/08/2024,38.25,38.6,38.155,38.59,1493957
07/09/2024,38.53,38.75,38.39,38.57,1648242
07/10/2024,38.72,39.31,38.605,39.27,1893817
07/11/2024,39.81,40.58,39.51,40.1,2285475
07/12/2024,40.37,40.915,40.01,40.7,2450601
07/15/2024,40.36,41.56,40.32,40.91,2727098
07/16/2024,41.09,42.33,40.955,42.3,1458267
07/17/2024,42.1,42.29,41.6,41.71,1702180
07/18/2024,41.41,42.285,41.29,41.52,1867028
07/19/2024,41,41.04,38.67,38.89,2804468
07/22/2024,39.22,39.37,38.44,39.15,1542550
07/23/2024,39.44,39.64,38.97,38.98,1462741
07/24/2024,38.76,38.94,37.24,37.25,1921730
07/25/2024,37.3,38.19,37.06,37.25,1747594
07/26/2024,37.86,38.56,37.53,38.23,1698408
07/29/2024,37.69,38.56,37.69,37.9,3450329
07/30/2024,36.56,38.7,36.5,38.17,3514599
07/31/2024,38.83,39.46,38.34,38.99,2278936
08/01/2024,39.01,39.26,36.88,37.29,2237214
08/02/2024,36.39,36.51,35.69,36.24,1730240
08/05/2024,34.84,35.86,34.4,35.25,1956496
08/06/2024,35.25,35.835,35.01,35.14,1768529
08/07/2024,35.61,35.83,34.705,34.98,1655831
08/08/2024,35.32,36.22,35.09,36.18,2777581
08/09/2024,36.21,36.21,35.65,36.04,3270099
08/12/2024,36.01,36.04,35.59,35.95,2120311
08/13/2024,36.11,36.47,35.935,36.44,1257289
08/14/2024,36.45,36.57,35.72,35.97,1327171
08/15/2024,36.89,37.31,36.62,37.11,1229900
08/16/2024,37.09,37.15,36.56,36.9,901353
08/19/2024,37.04,37.56,36.935,37.37,951519
08/20/2024,37.18,37.33,36.75,37.03,671340
08/21/2024,37.17,37.41,37.06,37.31,718290
08/22/2024,37.36,37.6,36.75,36.83,770356
08/23/2024,37.24,38.425,37.165,38.38,1048917
08/26/2024,38.52,39.04,38.35,38.38,1029509
08/27/2024,38.21,38.39,38,38.04,729310
08/28/2024,37.87,38.61,37.61,37.88,957167
08/29/2024,38.23,38.69,37.85,37.96,730001
08/30/2024,38.3,38.57,37.955,38.55,1153706
09/03/2024,38.14,38.3178,36.46,36.6,843214
09/04/2024,36.31,37,35.96,36.51,1263142
09/05/2024,36.46,36.53,35.83,36.26,954917
09/06/2024,36.18,36.53,35.14,35.19,726468
09/09/2024,35.32,35.41,34.67,34.91,1148447
09/10/2024,34.85,34.98,34.23,34.51,720032
09/11/2024,34.48,34.75,33.78,34.59,804455
09/12/2024,34.61,34.65,33.93,34.15,2494064
09/13/2024,34.54,34.985,34.23,34.66,1180536
09/16/2024,34.69,35.16,34.55,35.04,1095431
09/17/2024,35.31,36.07,35.31,35.72,960436
09/18/2024,35.87,36.345,35.25,35.44,2115201
09/19/2024,36.48,36.64,35.76,36.41,1016005
09/20/2024,36.19,36.24,35.14,35.35,2364428
09/23/2024,35.5,35.83,35.44,35.62,866094
09/24/2024,35.8,36.23,35.715,36.01,688421
09/25/2024,35.99,35.99,35.07,35.22,566866
09/26/2024,35.88,36.66,35.845,36.65,870473
09/27/2024,37.12,37.4,36.75,36.98,903965
09/30/2024,36.5,36.6,35.525,35.86,1092218
10/01/2024,35.82,35.82,34.79,35.14,1114653
10/02/2024,35.07,35.24,34.73,34.78,959130
10/03/2024,34.43,34.77,34.31,34.38,653918
10/04/2024,34.95,35.1305,34.55,34.9,780654
10/07/2024,34.72,35.82,34.63,35.75,2068370
10/08/2024,35.39,35.62,34.665,34.9,1291285
10/09/2024,34.85,35.39,34.7803,35.14,648536
10/10/2024,34.82,35.345,34.735,35.22,1402263
10/11/2024,35.2,36.08,35.11,35.96,981269
10/14/2024,35.82,36.54,35.64,36.49,1184775
10/15/2024,36.17,36.64,35.41,35.45,805556
10/16/2024,35.74,36,35.64,35.91,698786
10/17/2024,36.04,36.18,35.54,36.13,832267
10/18/2024,36.3,36.33,35.91,35.99,807758
10/21/2024,35.92,36.0368,35.29,35.45,897255
10/22/2024,35.03,35.26,34.25,35.03,2199745
10/23/2024,34.89,35.46,34.45,34.88,985593
10/24/2024,34.99,35.07,34.5,34.94,1212861
10/25/2024,35,35.6799,34.8658,35.1,918586
10/28/2024,35.32,35.94,35.2,35.55,823429
10/29/2024,35.34,35.4,34.75,35.33,641988
10/30/2024,35.27,35.86,34.92,34.98,916113
10/31/2024,34.88,35.06,34.34,34.34,1520069
11/01/2024,34.46,34.93,34.29,34.48,1664517
11/04/2024,34.36,34.792,33.54,33.64,2334434
11/05/2024,32.3,32.31,31.18,31.58,3293974
11/06/2024,32.85,33.69,32.535,33.46,1612310
11/07/2024,33.65,34.31,33.3209,33.48,1590155
11/08/2024,33.28,33.46,33.03,33.09,761376
11/11/2024,33.23,33.48,32.54,32.6,988926
11/12/2024,32.33,32.89,32.24,32.85,1635089
11/13/2024,32.77,32.955,32.4,32.67,1212995
11/14/2024,33,33.4,32.42,32.62,1389246
11/15/2024,32.78,32.78,31.57,31.83,1775590
11/18/2024,31.84,32.01,31.27,31.55,1415032
11/19/2024,31.15,31.4095,30.81,30.98,1461561
11/20/2024,30.88,31.04,30.435,30.72,1165514
11/21/2024,30.62,31.09,30.48,30.87,1597673
11/22/2024,31,31.97,30.87,31.89,1060640
11/25/2024,32.3,34,32.24,33.58,1891435
11/26/2024,32.95,33.54,32.07,32.17,1266786
11/27/2024,32.32,32.71,32,32.11,658414
11/29/2024,32.06,32.485,32.03,32.14,553251
12/02/2024,32.37,32.71,31.97,32.33,3922313
12/03/2024,32.4,32.56,31.96,32.12,1587971
12/04/2024,32.09,32.38,31.52,31.73,1555080
12/05/2024,31.92,32.03,31.08,31.14,1936524
12/06/2024,31.37,31.37,30.33,30.62,2469053
12/09/2024,30.91,31.46,30.825,30.89,2276614
12/10/2024,30.77,31.0436,30.05,30.97,2174907
12/11/2024,31.26,31.34,30.39,30.6,1297801
12/12/2024,30.49,30.62,30.27,30.45,1026236
12/13/2024,30.35,31.01,30.16,30.37,1242874
12/16/2024,30.31,30.8,29.94,30.25,1766991
12/17/2024,30.07,30.25,29.33,29.48,1277920
12/18/2024,29.42,30,28.04,28.17,1827584
12/19/2024,28.35,28.65,27.16,27.32,6516046
12/20/2024,27.25,27.75,27.195,27.24,3815174
12/23/2024,27.23,27.685,27.12,27.44,997097
12/24/2024,27.39,27.6,27.18,27.4,465602
12/26/2024,27.28,27.98,27.19,27.81,1249179
12/27/2024,27.61,27.98,27.22,27.38,1004069
12/30/2024,27.08,27.37,26.65,27.12,901943
12/31/2024,27.18,27.59,27.175,27.4,837835
01/02/2025,27.6,27.67,27.025,27.25,1271167
01/03/2025,27.35,27.8117,26.98,27.6,1030505
01/06/2025,28.07,28.9248,28.07,28.34,1441258
01/07/2025,28.48,28.82,28.17,28.42,1159058
01/08/2025,28.02,28.22,27.5081,27.73,1104587
01/10/2025,27.41,27.51,27.02,27.26,1021445
01/13/2025,27.05,27.59,26.8948,27.46,979282
01/14/2025,27.61,27.95,27.42,27.74,1504058
01/15/2025,28.53,28.61,28,28.17,787352
01/16/2025,28.33,28.52,27.89,28.28,992237
01/17/2025,28.57,28.796,28.36,28.42,962769
01/21/2025,28.72,28.98,28.4801,28.93,1292590
01/22/2025,28.93,29.4538,28.695,28.77,1192425
01/23/2025,28.58,29.2,28.45,29.08,1033757
01/24/2025,29.16,29.19,28.45,28.6,1255861
01/27/2025,28.42,28.67,27.968,28.59,1649231
01/28/2025,28.4,28.4,27.72,27.99,1403471
01/29/2025,28.01,28.26,27.36,27.54,2515152
01/30/2025,27.66,27.82,27.15,27.43,2417312
01/31/2025,27.44,27.675,26.93,27.16,1697146
02/03/2025,26.4,26.47,24.905,25.62,2778493
02/04/2025,25.65,26.06,25.5,25.74,1292359
02/05/2025,25.77,25.98,25.5,25.59,1383458
02/06/2025,25.79,25.965,25.41,25.48,1223824
02/07/2025,25.6,25.87,25.29,25.86,1776475
02/10/2025,26.07,26.365,25.58,25.81,2020671
02/11/2025,25.55,25.955,25.4189,25.8,2153309
02/12/2025,26.17,28.47,25.8,28.01,4526953
02/13/2025,28,29.25,27.94,28.85,2899061
02/14/2025,29.18,29.71,28.78,29.54,2125793
02/18/2025,29.64,29.84,29.15,29.67,1889261
02/19/2025,29.49,30.0695,29.3,30,1504670
02/20/2025,30,30.28,29.61,29.97,1176999
02/21/2025,30.02,30.1,29.3,29.49,1242509
02/24/2025,29.59,29.91,29.11,29.48,1601382
02/25/2025,29.52,29.93,29.2,29.48,1691097
02/26/2025,29.71,29.9,29.29,29.38,1311173
02/27/2025,29.22,29.84,28.72,28.78,1270397
02/28/2025,28.69,29.025,28.3,28.85,1953961
03/03/2025,28.97,29.305,27.21,27.32,1560129
03/04/2025,26.83,27.07,26.01,26.53,2886105
03/05/2025,26.92,27.48,26.7,27.1,1760525
03/06/2025,26.85,27.94,26.7,27.84,1953798
03/07/2025,27.55,28.83,27.55,28.72,2599271
03/10/2025,28.4,29.245,27.93,28.13,2512972
03/11/2025,28.09,28.155,26.97,27.59,1683627
03/12/2025,27.54,27.66,26.64,26.78,1432818
03/13/2025,26.68,27.175,26.38,26.46,1241932
03/14/2025,26.86,27.3,26.665,27.18,1591295
03/17/2025,27.14,27.965,26.9301,27.74,1517011
03/18/2025,27.74,28.1,27.615,27.81,1161972
03/19/2025,27.82,28.25,27.68,27.99,1101836
03/20/2025,27.6,28.16,27.6,27.9,970795
03/21/2025,27.41,27.51,26.85,27.15,2131319
03/24/2025,27.61,28.1,27.5,27.79,1002809
03/25/2025,28.07,28.27,27.58,27.85,964491
03/26/2025,27.75,28.15,27.21,27.46,984966
03/27/2025,27.26,27.36,25.38,26.12,2560496
03/28/2025,25.87,26,24.42,24.75,2867973
03/31/2025,24.38,24.525,23.69,24.27,2481895
04/01/2025,24.2,24.42,23.68,24.23,1774380
04/02/2025,23.9,24.919,23.88,24.61,1546034
04/03/2025,22.98,23.41,20.09,20.25,5011975
04/04/2025,19.52,19.53,17.505,18.72,4753162
04/07/2025,17.7,20.17,17.61,18.9,3829479
04/08/2025,19.79,19.79,17.405,17.69,3098963
04/09/2025,17.34,21.29,17.32,20.88,5231646
04/10/2025,20.48,20.48,18.82,19.44,2906160
04/11/2025,19.43,19.68,18.73,19.57,1946030
04/14/2025,20.06,20.25,19.1,19.99,2301618
04/15/2025,19.84,20.0593,19.45,19.75,1679507
04/16/2025,19.66,19.93,18.8704,19.17,1394889
04/17/2025,19.1,19.56,18.98,19.47,1564934
04/21/2025,19.13,19.27,18.57,18.87,1598528
04/22/2025,19.22,19.62,19.08,19.58,2130835
04/23/2025,20.5,21.25,20.04,20.12,1321472
04/24/2025,20.37,21.64,20.265,21.64,1822073
04/25/2025,21.315,21.51,21.0816,21.29,1296771
04/28/2025,21.38,21.835,21.02,21.37,1162000
04/29/2025,21.13,21.57,21.105,21.37,1085035
04/30/2025,20.93,21.455,20.57,21.4,1679876
05/01/2025,21.49,22.12,21.29,21.37,1446684
05/02/2025,21.97,22.32,21.69,22.07,1114847
05/05/2025,21.93,22.31,21.62,21.98,1571577
05/06/2025,21.76,22.11,21.5401,21.63,1321455
05/07/2025,21.82,21.91,21.39,21.69,1662439
05/08/2025,22.13,22.64,21.905,22.46,3400503
05/09/2025,24.535,26.14,24.04,25.55,2991551
05/12/2025,26.93,28.15,26.61,27.67,2821917
05/13/2025,27.78,28.75,27.5,28.23,1980532
05/14/2025,28.03,28.185,27.6,27.79,1445097
05/15/2025,27.44,27.86,27.12,27.32,1747773
05/16/2025,27.27,27.27,26.79,27.17,2200399
05/19/2025,26.58,27.08,26.51,26.65,1174511
05/20/2025,26.67,27.015,26.57,26.87,1229522
05/21/2025,26.43,26.62,25.525,25.57,1616006
05/22/2025,25.45,25.77,25.205,25.53,1325313
05/23/2025,24.69,25.455,24.69,25.19,1908088
05/27/2025,25.82,26.38,25.45,26.2,1627130
05/28/2025,26.27,26.6,26.23,26.32,2144026
05/29/2025,27.2,27.4,26.56,26.86,1735806
05/30/2025,26.62,26.72,25.895,26.06,1633355
06/02/2025,25.97,26.0508,25.445,25.7,1027499
06/03/2025,25.77,26.7,25.63,26.54,1022651
06/04/2025,26.7,26.81,26.46,26.6,825979
06/05/2025,26.67,26.94,26.32,26.51,956734
06/06/2025,27.03,27.32,26.86,27.03,1093787
06/09/2025,27.5,28.22,27.255,27.77,1406167
06/10/2025,27.98,28.58,27.7,28.33,2106700
06/11/2025,28.57,28.82,28.32,28.69,1901597
06/12/2025,28.33,28.785,28.16,28.76,1215129
06/13/2025,28.14,28.43,26.95,27.49,1886037
06/16/2025,27.94,28.62,27.76,28.55,1098440
06/17/2025,28.25,28.34,27.68,27.81,1442335
06/18/2025,27.74,28.595,27.66,28.31,1260569
06/20/2025,28.58,28.8272,28.06,28.27,2683455
06/23/2025,28.05,28.74,27.85,28.62,1245682
06/24/2025,28.99,29.24,28.8216,29.02,1473099
06/25/2025,29.19,29.39,28.97,29.16,1136986
06/26/2025,29.43,30.24,29.39,30.01,1841648
06/27/2025,30.11,30.45,29.5,29.96,2305520
06/30/2025,29.86,30.385,29.73,30.11,1335637
07/01/2025,30,31.7,29.6856,31.08,2191307
07/02/2025,31.23,32.27,31.12,32.06,2455374
07/03/2025,32.22,32.34,32.06,32.22,914125
07/07/2025,31.87,32.35,31.33,31.56,1584350
07/08/2025,31.89,32.415,31.63,32.07,1119155
07/09/2025,32.34,32.525,31.84,32.13,1359167
07/10/2025,32.27,32.8595,32.01,32.33,1063040
07/11/2025,32.09,32.23,31.58,32.01,1917445
07/14/2025,31.95,32.129,31.22,31.63,1348127
07/15/2025,31.94,32.01,31.04,31.07,1941297
07/16/2025,31.14,31.27,30.41,31.09,1874946
07/17/2025,31.39,31.8,31.16,31.51,1000146
07/18/2025,31.74,31.77,31.28,31.53,1212520
07/21/2025,31.72,31.96,31.2,31.38,1313339
07/22/2025,31.1,32.25,31.1,32.06,1720043
07/23/2025,32.57,33.213,32.34,33.01,1767102
07/24/2025,32.52,32.815,32.29,32.49,1858463
07/25/2025,32.73,32.92,32.16,32.75,1354102
07/28/2025,32.73,32.96,32.54,32.93,1737057
07/29/2025,32.87,32.99,31.94,32.5,2391093
07/30/2025,31.16,32.21,30.48,31.34,4034348
07/31/2025,31.48,31.735,30.37,30.76,2643832
08/01/2025,30.17,30.4,29.31,29.93,2416008
08/04/2025,30.17,30.17,29.785,30.15,2068893
08/05/2025,30.58,30.58,29.74,29.84,2019051
08/06/2025,29.86,29.86,29.28,29.38,1584320
08/07/2025,29.86,29.86,29.09,29.37,1423331
08/08/2025,29.59,29.67,29.175,29.45,1141979
08/11/2025,29.59,29.77,29.17,29.45,1350819
08/12/2025,29.7,31.23,29.53,31.21,1384554
08/13/2025,31.79,33.16,31.3611,33.14,2446984
08/14/2025,32.515,32.555,31.93,32.47,1294990
08/15/2025,32.64,32.8,31.8,31.83,1097898
08/18/2025,32.02,32.39,31.6958,32.36,1098293
08/19/2025,32.4,32.73,32.014,32.17,1066974
08/20/2025,31.9,32.02,31.325,31.67,958508
08/21/2025,31.5,31.65,31.11,31.19,1219236
08/22/2025,31.74,33.59,31.42,33.43,1789879
08/25/2025,33.28,33.57,33.07,33.08,1171747
08/26/2025,33.01,33.37,32.99,33.09,1298035
08/27/2025,32.8,33.64,32.63,33.52,1645112
08/28/2025,33.8,33.84,33.1,33.39,910686
08/29/2025,33.29,33.42,32.445,32.54,1218431
09/02/2025,32.01,32.13,31.57,31.99,938306
09/03/2025,31.92,32.19,31.425,31.82,1045517
09/04/2025,31.84,32.28,31.47,32.24,1020469
09/05/2025,32.44,32.89,31.49,32.03,1407859
09/08/2025,32.15,32.15,31.45,32.01,1915316
09/09/2025,31.98,32,31.3,31.69,1203542
09/10/2025,31.78,32.12,31.39,31.49,1290919
09/11/2025,31.56,32.31,31.26,32.19,1365727
09/12/2025,31.97,32.0925,31.12,31.26,1358159
09/15/2025,31.56,31.95,31.28,31.87,926266
09/16/2025,31.98,31.99,31.26,31.66,1171326
09/17/2025,31.66,32.44,30.69,31.1,1456928
09/18/2025,31.44,32.09,31.19,31.84,1134466
09/19/2025,31.75,31.75,30.9717,31.27,2816689
09/22/2025,31.03,31.42,30.73,31.3,1248017
09/23/2025,31.55,31.88,30.49,30.7,1428017
09/24/2025,30.68,30.86,30.245,30.44,783875
09/25/2025,30.11,30.24,29.46,29.73,1486727
09/26/2025,29.87,30.23,29.705,30.2,1316214
09/29/2025,30.91,30.91,30.19,30.4,1390715
09/30/2025,30.4,30.59,29.81,30.55,1712614
10/01/2025,30.22,30.83,30.22,30.6,1389096
10/02/2025,30.64,31.14,30,30.66,1430392
10/03/2025,30.8,31.45,30.68,31.05,1134635
10/06/2025,31.49,31.61,30.95,31.05,1037952
10/07/2025,31.22,31.3039,30.22,30.53,1707036
10/08/2025,31.04,31.77,30.7,31.56,1593991
10/09/2025,31.67,31.76,30.85,31.48,1325775
10/10/2025,31.43,31.59,29.03,29.03,2531433
10/13/2025,29.87,30.915,29.71,30.52,1636755
10/14/2025,29.62,31.38,29.52,31.1,904833
10/15/2025,31.72,32.14,31.3,31.94,1260857
10/16/2025,32.2,32.34,31.22,31.82,1139186
10/17/2025,31.56,31.85,30.995,31.25,928688
10/20/2025,31.65,31.99,31.44,31.77,796481
10/21/2025,31.76,32.57,31.59,32.43,982375
10/22/2025,32.3,32.5838,31.315,31.6,1052053
10/23/2025,31.87,32.3,31.45,32.25,1343442
10/24/2025,32.76,32.8,31.82,31.88,1325717
10/27/2025,32.24,32.3,31.46,31.6,1142113
10/28/2025,31.6,31.88,30.52,30.85,3064720
10/29/2025,32.25,33.9,32.07,32.64,2941662
10/30/2025,32.45,33.4,32.29,32.46,1758674
10/31/2025,32.38,32.4,31.325,31.83,1729589
11/03/2025,31.71,32.27,31.4,31.83,951886
11/04/2025,31.09,31.46,30.75,30.85,1157432
11/05/2025,30.95,32.3,30.85,31.7,1197610
11/06/2025,31.72,32.2,30.505,30.7,1093565
11/07/2025,30.17,31.04,29.87,31.02,1060555
11/10/2025,31.61,31.68,30.625,31.26,832947
11/11/2025,31.14,31.45,30.71,31.43,1148480
11/12/2025,31.49,32.05,31.45,31.74,1529208
11/13/2025,31.5,31.96,30.23,30.49,1285398
11/14/2025,29.88,30.5,29.68,30.03,1107844
11/17/2025,29.84,30.07,28.785,28.81,1258368
11/18/2025,28.47,29.11,28.1601,28.84,1466952
11/19/2025,28.9,29.205,28.66,28.83,1529947
11/20/2025,29.5,29.76,28.35,28.53,1716092
11/21/2025,28.63,30.335,28.5,30.23,2107335
11/24/2025,30.28,31.23,29.95,30.94,1687421
11/25/2025,31.16,31.89,31.015,31.62,1222325
11/26/2025,31.61,32.365,31.61,31.73,1476126
11/28/2025,31.8,32.35,31.8,32.07,586806
12/01/2025,31.85,32.75,31.64,32.45,1263952
12/02/2025,32.68,32.76,31.955,32.19,1324075
12/03/2025,32.32,32.91,32.04,32.89,1239498
12/04/2025,32.71,33.415,32.57,33.18,1175273
12/05/2025,33.24,34.29,33.19,33.55,1287313
12/08/2025,33.61,34.03,33.48,33.76,1301780
12/09/2025,33.64,35.195,33.51,34.4,2460237
12/10/2025,34.41,36.19,34.41,36.14,1959609
12/11/2025,36.05,36.25,35.36,36,2418107
12/12/2025,35.92,36.19,34.51,34.78,1600758
12/15/2025,35.11,35.31,34.1,34.45,1084710
12/16/2025,34.43,34.66,33.705,33.9,1226911
12/17/2025,33.99,34.17,32.83,33.08,1645272
12/18/2025,33.68,34,33.1,33.22,1287242
12/19/2025,33.1,34.01,33.1,33.89,2295219
12/22/2025,34.31,34.48,33.8,34,853439
12/23/2025,33.81,33.95,33.575,33.66,805993
12/24/2025,33.96,33.98,33.58,33.64,426336
12/26/2025,33.75,33.75,33.25,33.58,594806
12/29/2025,33.32,33.55,33.13,33.19,761488
12/30/2025,33.17,33.3,32.97,33.03,733471
12/31/2025,33.01,33.365,32.5,33.29,2453903
01/02/2026,33.56,34.9836,33.13,34.89,2014396
01/05/2026,35.15,36.14,35.1,35.21,1716178
01/06/2026,35.21,36.01,34.925,35.97,2035048
01/07/2026,35.78,35.85,34.21,34.33,1279764
01/08/2026,34.16,35.49,33.95,35.26,1391771
01/09/2026,35.38,35.79,34.67,35.72,881367
01/12/2026,35.18,35.55,34.43,34.77,1676325
01/13/2026,34.86,35.47,34.81,35.24,939047
01/14/2026,35.34,35.73,34.725,35.04,1032971
01/15/2026,35.88,36.0385,35.18,35.22,1288153
01/16/2026,35.35,35.53,34.855,35.06,1021398
01/20/2026,34.24,34.64,33.79,34.11,1199800
01/21/2026,34.57,35.81,34.375,35.44,1300922
01/22/2026,36,36.14,35.215,35.43,1155074
01/23/2026,35.28,35.28,34.275,34.45,947320
01/26/2026,34.58,34.925,34.4,34.9,812528
01/27/2026,35.03,35.25,34.61,35.24,1000957
01/28/2026,35.42,35.62,34.25,34.37,1710261
01/29/2026,34.6,34.98,33.66,34.92,1566954
01/30/2026,34.62,35,34.11,34.59,1678092
02/02/2026,34.49,35.95,34.337,35.58,1495009
02/03/2026,35.78,36.25,34.69,35.36,1618561
02/04/2026,35.78,36.7861,35.22,36.1,3791673
02/05/2026,35.47,35.9,34.89,35.47,1684442
02/06/2026,36,36.5,35.855,35.99,5338148
02/09/2026,36.03,36.405,35.86,36.2,2522770
02/10/2026,36.21,36.54,35.68,36.3,4542861
02/11/2026,36.43,37.41,36.1395,37.22,2941645
02/12/2026,37.53,37.95,35.6528,36.11,2094169
02/13/2026,36.06,36.91,35.98,36.88,2353868
02/17/2026,36.57,37.1,35.99,36.87,2452106
02/18/2026,36.84,37.42,36.43,36.64,1909057
02/19/2026,36.32,37.27,35.61,36.16,2239953
02/20/2026,35.845,38.39,35.59,38.35,4690482
02/23/2026,38.03,38.89,36.695,37.02,3625530.5
02/24/2026,37.07,39.09,37.07,38.36,2587087.5
02/25/2026,38.6,38.65,37.12,37.86,1661204.8
02/26/2026,38.09,38.25,37.1525,37.56,1468143.4
02/27/2026,37,37.425,36.63,37.34,2383060.2
03/02/2026,36.39,37.29,35.8875,36.85,1698326.5
03/03/2026,35.51,36.25,34.23,35.3,1317481.2
03/04/2026,35.7,36,34.72,34.95,1558881.5
03/05/2026,34.45,35.485,34,34.24,1841759
03/06/2026,33.29,33.445,32.58,32.98,1970199
03/09/2026,32.37,33.15,31.07,33.12,2422513.2
03/10/2026,33.29,34.32,33.035,33.54,2054318.6
03/11/2026,34.68,35.41,33.93,35.38,2559862.5
03/12/2026,34.45,34.99,34.18,34.28,3259332
03/13/2026,34.5,34.74,33.765,34.27,1772390.2
03/16/2026,34.81,35.31,33.98,34.05,2308341.5
03/17/2026,34.45,35.12,34.17,34.59,1391465.5
03/18/2026,34.5,35.278,33.98,34.01,1403293.1
03/19/2026,33.26,34.41,33.0224,33.97,1426839.8
03/20/2026,33.99,34.12,32.85,33.18,2074469.8
03/23/2026,34.33,35.37,33.925,34.59,1129122.1
03/24/2026,34.07,36.735,34.07,36.32,2039159.9
03/25/2026,36.81,37.19,36.03,36.4,1415901
03/26/2026,35.9,36.52,35.35,35.53,1339845.9
03/27/2026,34.95,35.42,34.67,34.79,1441218.2
