12/01/2022,159.2,159.5,157.65,158.71,2347619
12/02/2022,156.78,159.07,156.57,158.71,1447907
12/05/2022,157.47,157.47,155.62,156.13,2360090
12/06/2022,156.09,156.35,153.7391,154.67,1848869
12/07/2022,154.46,155.64,154.26,154.71,1729695
12/08/2022,155.28,156.19,154.9065,155.98,1619163
12/09/2022,155.56,156.22,154.82,154.88,1784043
12/12/2022,155.04,157.27,155.04,157.26,1939206
12/13/2022,160.83,160.99,156.9,157.96,2210149
12/14/2022,157.85,159.29,156.09,157.18,1913874
12/15/2022,155.33,155.66,152.89,153.61,1856294
12/16/2022,152.39,152.69,150.98,152.05,1749923
12/19/2022,152.06,152.51,150.43,151.19,2730467
12/20/2022,150.17,151.13,149.73,150.48,2760075
12/21/2022,151.65,152.915,151.485,152.59,1683713
12/22/2022,151.57,151.69,149.145,151.23,2565658
12/23/2022,151.19,152.1,150.4281,152.03,2074858
12/27/2022,152.19,152.75,151.4,152.25,2068205
12/28/2022,152.43,153.01,150.61,150.68,1570379
12/29/2022,151.55,152.98,151.3988,152.57,1578502
12/30/2022,151.69,151.92,150.52,151.85,1855250
01/03/2023,152.61,153.09,150.52,151.78,2368483
01/04/2023,152.52,153.44,151.66,152.75,1730728
01/05/2023,152.06,152.114,150.555,150.74,1465316
01/06/2023,152.11,154.86,151.64,154.48,1657900
01/09/2023,154.97,156.19,153.93,154.02,2784066
01/10/2023,153.84,154.77,153.37,154.71,1340638
01/11/2023,155.336,156.23,154.915,156.16,1208352
01/12/2023,156.45,156.89,155.12,156.31,1430042
01/13/2023,155.2,156.8556,155.16,156.66,1412806
01/17/2023,156.4,157.02,155.55,155.72,2341780
01/18/2023,156,156.175,152.9303,153,1267226
01/19/2023,152.22,152.56,151.382,151.43,1520438
01/20/2023,151.89,153.49,151.165,153.49,2234424
01/23/2023,153.67,155.4985,153.26,154.73,2275438
01/24/2023,154.32,155.2,153.8001,154.92,1121350
01/25/2023,153.53,154.89,152.63,154.84,1200475
01/26/2023,155.05,155.505,154.3,155.46,1129324
01/27/2023,154.99,156.1599,154.7299,155.3,1520978
01/30/2023,154.46,155.615,154.035,154.13,1910859
01/31/2023,154.65,156.29,154.335,156.26,1104374
02/01/2023,155.78,158.66,154.93,157.55,1338052
02/02/2023,157.98,158.7799,157.21,158.33,1125158
02/03/2023,157.24,157.96,156.5,157.01,1517046
02/06/2023,156.16,156.72,155.84,156.4,1607033
02/07/2023,155.76,157.8785,155.151,157.44,1157723
02/08/2023,156.66,157.25,155.83,156.14,945388
02/09/2023,157.15,157.24,154.26,154.64,937462
02/10/2023,154.39,155.505,154.18,155.4,753602
02/13/2023,155.69,157.19,155.66,157.17,1527003
02/14/2023,156.84,157.65,155.38,156.49,1000211
02/15/2023,155.79,157.05,155.58,157.05,716245
02/16/2023,155.53,157.03,155.38,155.67,818064
02/17/2023,155.15,156.16,154.9165,156.03,660565
02/21/2023,154.45,154.85,152.9,152.97,1131471
02/22/2023,153.19,153.61,152.19,152.75,807538
02/23/2023,153.53,153.66,151.62,153.13,979240
02/24/2023,151.72,152.5697,151.05,152.18,1404515
02/27/2023,153.48,153.96,152.2344,152.49,965995
02/28/2023,152.48,152.965,151.88,151.98,1011854
03/01/2023,151.61,151.85,150.66,151.3,1013934
03/02/2023,150.67,152.7286,150.61,152.38,988917
03/03/2023,153.12,154.155,152.36,154.13,923165
03/06/2023,154.25,155.0108,153.93,154.17,909177
03/07/2023,154.32,154.32,151.58,151.87,1164381
03/08/2023,151.82,152.17,151.06,151.92,1109180
03/09/2023,152.2,152.57,149.1,149.49,1319234
03/10/2023,149.32,149.9995,147.06,147.68,2411329
03/13/2023,146.17,149.14,146.17,147.24,2826969
03/14/2023,149.15,149.69,147.46,149.12,1171460
03/15/2023,147.34,148.11,146.2,148.05,2253419
03/16/2023,147.45,150.115,146.98,149.91,1469719
03/17/2023,149.54,149.8,147.65,148.26,1260214
03/20/2023,148.82,150.03,148.77,149.82,1072541
03/21/2023,151.18,151.36,150.15,151.17,828193
03/22/2023,151.12,152.22,148.76,148.76,1008738
03/23/2023,149.52,150.87,147.91,148.83,974799
03/24/2023,147.53,149.2818,146.88,149.23,922339
03/27/2023,150.17,150.6108,149.63,149.9,902084
03/28/2023,149.73,150.2754,149.22,149.7,952632
03/29/2023,150.98,151.44,150.58,151.35,1047644
03/30/2023,152.25,152.27,151.42,152.08,866314
03/31/2023,152.57,154.1,152.425,154.01,821276
04/03/2023,153.99,155.18,153.99,155.05,1079468
04/04/2023,155.22,155.34,153.58,153.99,817278
04/05/2023,153.92,154.69,153.69,154.29,841089
04/06/2023,153.98,154.5699,153.65,154.45,1659459
04/10/2023,153.64,154.66,153.4,154.66,895503
04/11/2023,154.94,155.5,154.78,155.04,715665
04/12/2023,155.68,155.9699,154.42,154.63,830567
04/13/2023,154.84,156.315,154.41,156.21,1046493
04/14/2023,156.23,156.92,155.1317,155.87,1067780
04/17/2023,155.89,156.48,155.48,156.45,1064325
04/18/2023,156.92,156.92,156.03,156.7,789072
04/19/2023,156.32,156.832,156.1,156.61,683566
04/20/2023,155.82,156.88,155.82,156.47,782797
04/21/2023,156.58,156.838,155.96,156.54,722145
04/24/2023,156.41,157.08,156.32,156.89,902538
04/25/2023,156.35,156.61,154.92,154.99,897661
04/26/2023,154.89,154.91,153.38,153.67,996010
04/27/2023,154.2,156.25,154.1702,156.19,771013
04/28/2023,155.89,157.57,155.8118,157.57,1048414
05/01/2023,157.48,158.4699,157.48,157.69,899765
05/02/2023,157.46,157.46,154.92,156.25,1037910
05/03/2023,156.45,156.949,154.98,155.09,859503
05/04/2023,154.48,154.64,153.245,153.9,1154383
05/05/2023,155.23,156.7,155.08,156.29,662014
05/08/2023,156.48,156.48,155.6,156.07,815567
05/09/2023,155.59,155.82,155.28,155.51,744639
05/10/2023,156.26,156.51,154.34,155.7,1162054
05/11/2023,155.33,155.3416,154.415,155.21,1149642
05/12/2023,155.64,155.7601,154.38,155.32,927919
05/15/2023,155.61,155.6901,154.73,155.54,784793
05/16/2023,155.12,155.14,154.04,154.09,677019
05/17/2023,154.7,155.77,154.14,155.6,750585
05/18/2023,155.34,156.7,155.07,156.56,698914
05/19/2023,156.88,157.13,155.8548,156.41,669312
05/22/2023,156.35,156.87,155.4395,155.68,739696
05/23/2023,155.11,155.29,153.8799,154.08,724742
05/24/2023,153.49,153.6076,152.5236,152.74,790041
05/25/2023,152.82,153.27,151.96,152.95,927543
05/26/2023,153.19,154.72,153.1,154.46,621601
05/30/2023,154.76,154.97,153.6717,154.01,953363
05/31/2023,153.32,153.73,152.55,153.25,1622192
06/01/2023,153.36,154.86,152.8874,154.5,812706
06/02/2023,155.43,157.52,155.43,157.27,844852
06/05/2023,157.28,157.613,150.0076,156.72,879000
06/06/2023,156.67,156.83,155.95,156.73,781527
06/07/2023,156.61,157.12,156.4496,156.92,832117
06/08/2023,156.86,157.6599,156.565,157.53,786648
06/09/2023,157.52,158.0799,157.18,157.61,807201
06/12/2023,157.93,158.7489,157.575,158.69,887286
06/13/2023,159,159.737,158.85,159.48,889641
06/14/2023,159.48,160.12,158.5786,159.46,897893
06/15/2023,159.45,162.0052,159.45,161.61,876497
06/16/2023,162.35,162.35,161.0801,161.25,1064797
06/20/2023,160.44,160.7,159.735,160.11,990045
06/21/2023,159.78,160.61,159.36,160.03,831017
06/22/2023,159.82,160.23,159.6,160.19,857027
06/23/2023,159.26,159.53,158.71,159,867908
06/26/2023,158.99,159.54,158.7,159.16,904596
06/27/2023,159.34,160.905,159.34,160.73,890078
06/28/2023,160.46,160.5693,159.8,160.3,867301
06/29/2023,159.52,160.8,159.29,160.79,963055
06/30/2023,161.68,162.7878,161.58,162.43,1171833
07/03/2023,162.15,162.43,161.7195,162.42,803418
07/05/2023,161.44,161.8341,161.24,161.55,1675118
07/06/2023,160.22,160.57,159.55,160.33,1202238
07/07/2023,159.71,160.88,159.38,159.42,843579
07/10/2023,159.52,160.77,159.485,160.56,3541498
07/11/2023,161,161.6,160.56,161.46,1002327
07/12/2023,162.39,162.78,161.89,162.2,1307205
07/13/2023,162.5,162.93,162.1961,162.64,1223041
07/14/2023,163.02,163.04,162.51,162.8,1262036
07/17/2023,162.49,163.7316,162.4,163.41,1433098
07/18/2023,163.24,164.43,163.06,164.21,1298154
07/19/2023,164.49,164.99,164.25,164.58,1734589
07/20/2023,164.65,165.695,164.65,165.29,1028363
07/21/2023,165.72,166.34,165.7084,165.81,843060
07/24/2023,166.17,166.76,166.15,166.53,1282913
07/25/2023,166.32,167.24,166.22,166.95,1006615
07/26/2023,166.31,167.17,166.03,166.71,705763
07/27/2023,167.25,167.33,165.07,165.39,932817
07/28/2023,166.44,166.46,165.5,166.12,796968
07/31/2023,166.28,166.475,165.6799,166.25,969541
08/01/2023,165.9,166.54,165.75,166.23,629900
08/02/2023,165.55,165.8685,164.7399,164.94,877073
08/03/2023,164.41,164.96,164.02,164.43,773215
08/04/2023,164.61,165.09,162.92,163.08,811169
08/07/2023,163.66,164.56,163.66,164.5,969803
08/08/2023,163.54,163.585,162.15,163.44,907507
08/09/2023,163.51,163.8696,162.62,162.89,808910
08/10/2023,163.69,164.85,162.63,162.89,1074871
08/11/2023,162.56,163.5099,162.31,163.25,908629
08/14/2023,163.28,163.795,163.04,163.69,1164957
08/15/2023,163,163.1,161.74,161.96,1154662
08/16/2023,161.85,162.64,161.14,161.18,1074425
08/17/2023,161.75,161.84,159.98,160.16,1151046
08/18/2023,159.44,160.8327,159.44,160.44,1490866
08/21/2023,160.53,160.83,159.41,160.43,1260676
08/22/2023,160.71,160.91,159.775,159.99,991097
08/23/2023,160.29,161.36,160.14,161.16,870680
08/24/2023,161.23,162.19,159.6,159.65,1018012
08/25/2023,160.34,161.45,159.5,160.89,1092829
08/28/2023,161.45,162.03,161.1,161.65,1107259
08/29/2023,161.68,163.35,161.61,163.31,1032527
08/30/2023,163.38,164.11,163.26,163.77,1505279
08/31/2023,164,164.09,163.07,163.1,876702
09/01/2023,163.9,164.09,163,163.5,900630
09/05/2023,163.28,163.41,162.13,162.18,821031
09/06/2023,161.93,161.99,160.81,161.52,826730
09/07/2023,160.99,161.58,160.76,161.21,890732
09/08/2023,161.25,161.7499,161.105,161.4,628594
09/11/2023,162.11,162.31,161.62,162.02,928565
09/12/2023,161.49,162.06,161.12,161.33,767150
09/13/2023,161.4,161.763,161.055,161.43,840802
09/14/2023,162.35,163.0393,161.91,162.8,879337
09/15/2023,162.49,162.64,161.09,161.24,901072
09/18/2023,161.28,161.94,161.1,161.56,947822
09/19/2023,161.25,161.36,160.26,161.21,880906
09/20/2023,161.68,162.01,160.34,160.39,1019899
09/21/2023,159.64,159.78,158.265,158.33,1399481
09/22/2023,158.49,159.1,158,158.13,1067009
09/25/2023,157.76,158.55,157.6144,158.55,1157778
09/26/2023,157.4102,157.67,156.085,156.27,1206580
09/27/2023,156.74,156.78,154.93,156.14,1265741
09/28/2023,155.36,156.56,155.2,156.1,1106839
09/29/2023,157.09,157.09,154.9,155.38,1007877
10/02/2023,155.02,155.19,153.78,154.9,1654910
10/03/2023,154.27,154.89,152.945,153.42,1776129
10/04/2023,153.66,154.355,152.84,154.15,1294586
10/05/2023,153.89,154.33,152.94,153.72,1072366
10/06/2023,152.96,155.645,152.26,155.01,1250010
10/09/2023,154.52,156.08,154.32,156,1184194
10/10/2023,156.33,157.62,156.09,156.73,928129
10/11/2023,156.86,157.105,155.67,156.65,1049902
10/12/2023,156.94,156.94,155.05,155.83,988808
10/13/2023,156.41,157.2083,155.27,155.94,1208905
10/16/2023,156.69,157.93,156.69,157.34,1395534
10/17/2023,156.56,158.28,156.49,157.55,1137027
10/18/2023,157.31,157.48,155.83,156.17,1169547
10/19/2023,156.33,156.83,154.6558,154.87,1398308
10/20/2023,154.92,155.07,153.35,153.4,1369497
10/23/2023,152.9,154.11,152.57,152.66,1652341
10/24/2023,153.4,154,152.775,153.57,1057956
10/25/2023,153.5,153.99,152.785,153.06,1310025
10/26/2023,152.53,153.15,151.45,151.55,2742580
10/27/2023,151.63,151.72,149.6718,150.16,2317980
10/30/2023,150.94,152.25,150.71,151.9,2189138
10/31/2023,152.22,153.225,151.77,153.1,1583317
11/01/2023,153.29,154.22,152.9301,153.85,1504459
11/02/2023,154.89,156.675,154.8448,156.59,1528850
11/03/2023,157.43,158.28,157.355,157.74,1473509
11/06/2023,157.79,158.09,157.37,157.89,1978415
11/07/2023,157.67,158.29,157.42,157.91,1351400
11/08/2023,158.13,158.39,157.32,158,1378305
11/09/2023,158.16,158.25,156.785,156.91,1520728
11/10/2023,157.63,159.16,157.08,159.06,1652528
11/13/2023,158.72,159.16,158.455,158.91,1811783
11/14/2023,160.55,161.97,160.4,161.53,1580205
11/15/2023,161.89,162.53,161.81,162.06,1450859
11/16/2023,161.61,162.225,161.435,162.02,1369742
11/17/2023,162.29,162.41,161.83,162.17,1541679
11/20/2023,161.93,163.305,161.92,162.93,1810088
11/21/2023,162.7,163.085,162.5212,162.92,1247381
11/22/2023,163.39,163.87,163.27,163.63,1428463
11/24/2023,163.67,164.065,163.63,164.01,817518
11/27/2023,163.77,163.87,163.4,163.52,1924462
11/28/2023,163.31,164.085,163.1646,163.39,1284039
11/29/2023,163.87,164.19,162.98,163.2,1742597
11/30/2023,163.5,164.63,163.03,164.53,1671241
12/01/2023,164.46,165.83,164.32,165.77,1712603
12/04/2023,164.75,165.79,164.75,165.6,2213986
12/05/2023,165.12,165.3,164.64,164.98,1382041
12/06/2023,165.5,165.74,164.44,164.66,1389060
12/07/2023,164.93,165.34,164.66,165.08,1617444
12/08/2023,165.04,165.66,164.62,165.45,1406145
12/11/2023,165.68,167.03,165.68,167,2272201
12/12/2023,167,167.789,166.62,167.68,1278557
12/13/2023,167.61,169.95,167.4985,169.94,1413374
12/14/2023,170.59,170.74,169.565,170.17,2097961
12/15/2023,169.49,170.085,169.325,169.76,1682289
12/18/2023,170.32,170.69,170.1,170.39,2383620
12/19/2023,170.6,171.195,170.54,171.16,1378633
12/20/2023,170.75,171.195,168.61,168.68,1575686
12/21/2023,168.63,169.18,167.84,169.14,1598582
12/22/2023,169.21,170.0311,168.92,169.52,1178368
12/26/2023,169.67,170.48,169.54,170.19,1525499
12/27/2023,170.08,170.5,169.8562,170.39,1800934
12/28/2023,170.36,170.835,170.36,170.59,1490854
12/29/2023,170.49,170.71,169.71,170.4,1419414
01/02/2024,169.36,170.3552,169.305,170.07,2861730
01/03/2024,169.5,169.6786,168.48,168.66,1673544
01/04/2024,168.7,169.62,168.42,168.5,1252180
01/05/2024,168.57,169.27,167.815,168.47,1619395
01/08/2024,168.49,169.99,168.25,169.98,2186559
01/09/2024,169.16,169.6,168.84,169.46,936625
01/10/2024,169.56,170.479,169.4101,170.24,926431
01/11/2024,170.37,170.64,168.89,170.13,1319586
01/12/2024,170.68,171.092,169.8846,170.48,1467520
01/16/2024,170.02,170.36,169.2041,169.77,2212610
01/17/2024,168.85,169.7,168.65,169.22,2145340
01/18/2024,169.44,170.6801,169.06,170.53,2683733
01/19/2024,171.15,172.35,170.41,171.98,1527753
01/22/2024,172.27,172.819,172.22,172.52,1739115
01/23/2024,172.67,172.97,172.33,172.87,923232
01/24/2024,173.43,173.53,172.305,172.36,1045081
01/25/2024,172.93,173.18,172.3,173.16,1078192
01/26/2024,173.04,173.44,172.66,173.06,1042260
01/29/2024,172.99,174.01,172.8,173.98,1843538
01/30/2024,173.67,174.53,173.65,174.38,841433
01/31/2024,174.49,174.78,172.49,172.49,1097150
02/01/2024,172.69,174.29,172.3374,174.29,966027
02/02/2024,173.5,175.02,173.28,174.36,1035936
02/05/2024,173.8,173.9899,172.7,173.26,981979
02/06/2024,173.62,174.09,173.31,174.04,775429
02/07/2024,174.93,175.41,174.5684,175.28,807031
02/08/2024,175.3,175.3856,174.64,175.2,796724
02/09/2024,175.19,175.7687,174.965,175.69,1015969
02/12/2024,175.68,176.4,175.41,175.83,2063432
02/13/2024,174.34,174.63,172.54,173.63,1036829
02/14/2024,174.34,174.71,173.4633,174.64,634961
02/15/2024,174.94,176.2,174.94,176.08,806627
02/16/2024,176,176.59,175.3401,175.48,670389
02/20/2024,175.17,175.625,174.89,175.28,937834
02/21/2024,175.23,176.07,174.85,175.99,842308
02/22/2024,176.99,178.655,176.79,178.26,2129540
02/23/2024,178.81,179.28,178.6008,178.77,795117
02/26/2024,178.86,178.9465,178.08,178.23,728746
02/27/2024,178.36,178.36,177.81,178.25,823432
02/28/2024,177.9,178.46,177.71,178.32,838962
02/29/2024,178.92,178.96,177.8,178.38,739354
03/01/2024,178.39,179.38,178.01,179.32,879689
03/04/2024,178.83,179.56,178.805,179.21,970369
03/05/2024,178.99,179.09,177.065,177.73,925827
03/06/2024,178.52,179.41,178.2,178.77,895817
03/07/2024,179.63,180.05,179.5,179.73,767133
03/08/2024,179.59,179.838,178.86,178.86,793988
03/11/2024,178.72,179.38,178.01,179.36,683376
03/12/2024,180.06,180.79,179.35,180.53,901809
03/13/2024,180.77,180.88,179.8401,180.38,792764
03/14/2024,180.84,180.84,178.99,180,810312
03/15/2024,178.9,179.61,178.61,179.17,1001020
03/18/2024,179.97,180.28,179.3879,179.52,716035
03/19/2024,179.57,180.69,179.35,180.65,643275
03/20/2024,180.58,182.01,180.285,182,610548
03/21/2024,182.65,183.52,182.33,182.98,670505
03/22/2024,182.29,182.32,181.13,181.26,737177
03/25/2024,180.93,181.01,180.14,180.22,732188
03/26/2024,180.63,180.69,180.09,180.1,787285
03/27/2024,181.13,182.37,181.1,182.37,1067370
03/28/2024,182.46,183.0236,182.3099,182.61,966706
04/01/2024,182.79,182.79,181.336,181.53,970242
04/02/2024,180.51,180.545,179.58,180.18,728784
04/03/2024,180.09,180.5598,179.47,179.96,631356
04/04/2024,181.1,181.33,177.87,178.06,680332
04/05/2024,178.3,179.98,178.19,179.37,673088
04/08/2024,179.3,179.76,179.23,179.45,1155370
04/09/2024,179.95,180.03,178.07,179.74,807096
04/10/2024,178.01,178.45,176.99,177.58,974939
04/11/2024,178.1,178.56,176.65,177.85,927526
04/12/2024,176.68,177.07,175.09,175.6,800585
04/15/2024,177.32,177.5385,174.0386,174.38,937365
04/16/2024,174.91,174.965,173.7,173.98,710916
04/17/2024,174.85,174.905,173.17,173.33,704889
04/18/2024,174.17,174.8981,173.2506,173.63,1821712
04/19/2024,173.91,174.5587,173.5901,174.14,723599
04/22/2024,174.71,176.39,174.25,175.5,821194
04/23/2024,176.01,176.9151,175.76,176.59,494719
04/24/2024,176.52,177.09,176.0281,176.91,549417
04/25/2024,176.14,176.8668,175.23,176.55,607581
04/26/2024,176.29,177.3,176.22,176.73,892129
04/29/2024,176.93,177.44,176.41,177.2,587536
04/30/2024,176.72,176.8399,175.05,175.07,581130
05/01/2024,174.53,176.39,174.14,174.34,726415
05/02/2024,175.49,175.53,173.91,175.22,612651
05/03/2024,176.77,177.2,176,176.94,675025
05/06/2024,177.71,178.0575,177.18,178.04,708303
05/07/2024,178.64,179.12,178.64,178.82,1050713
05/08/2024,178.71,179.33,178.6006,179.14,626228
05/09/2024,179.25,180.5091,179.17,180.47,579813
05/10/2024,180.99,181.33,180.79,181.14,679253
05/13/2024,181.83,181.84,180.915,180.96,636401
05/14/2024,181.22,181.77,180.6857,181.66,637834
05/15/2024,182.36,183.7,182.13,183.61,756260
05/16/2024,183.98,184.2601,183.58,183.63,760757
05/17/2024,183.74,184.06,183.42,184.06,636359
05/20/2024,184.01,184.3405,183.35,183.52,716087
05/21/2024,183.4,183.8202,183.28,183.72,561635
05/22/2024,183.48,184.08,182.98,183.48,711638
05/23/2024,183.78,183.78,181.105,181.28,713461
05/24/2024,181.8,182.19,181.4,181.62,573987
05/28/2024,181.63,181.63,179.6601,180.28,765945
05/29/2024,178.87,179.09,178.39,178.51,706672
05/30/2024,178.36,179.03,178.23,178.65,696288
05/31/2024,178.94,180.91,178.225,180.9,652174
06/03/2024,181.02,181.02,178.8,180.13,803370
06/04/2024,179.69,180.6999,179.4,180.37,767374
06/05/2024,180.9,181.55,179.7,181.54,561154
06/06/2024,181.44,181.93,180.99,181.51,506908
06/07/2024,181.34,182.48,181,181.31,547316
06/10/2024,181.15,181.74,180.84,181.74,639954
06/11/2024,181.02,181.6,180.0294,181.57,646047
06/12/2024,183.34,183.4581,182.15,182.43,734881
06/13/2024,183.22,183.41,182.15,183.23,664294
06/14/2024,182.36,182.8768,181.65,182.83,718789
06/17/2024,182.78,184.83,182.5601,184.69,1105045
06/18/2024,184.73,185.345,184.67,185.11,619571
06/20/2024,185.1,185.47,184.61,185.11,1041848
06/21/2024,185.17,185.3,184.575,184.77,691319
06/24/2024,185,186.3,184.77,185.29,774343
06/25/2024,185.3,185.3,183.53,184.09,705959
06/26/2024,183.69,183.99,183.16,183.76,1360280
06/27/2024,183.82,183.99,182.915,183.69,694522
06/28/2024,182.97,183.99,181.95,182.55,933765
07/01/2024,183.15,183.5399,181.79,182.15,1068284
07/02/2024,182.02,183.27,181.92,183.27,1158280
07/03/2024,183.44,183.72,183.26,183.47,458909
07/05/2024,183.81,184.07,182.86,183.99,774776
07/08/2024,184.23,184.65,183.685,184.11,885466
07/09/2024,184.09,184.29,183.4784,183.67,772129
07/10/2024,183.8,185.36,183.6508,185.32,824430
07/11/2024,185.51,186.14,185.3726,185.77,704114
07/12/2024,186.4,188.18,186.28,187.16,788966
07/15/2024,187.77,188.55,187.39,187.82,761933
07/16/2024,188.47,190.49,188.37,190.45,754181
07/17/2024,189.22,190.589,189.11,190.15,1019057
07/18/2024,189.78,190.97,188.06,188.55,659654
07/19/2024,188.76,188.98,187.071,187.38,505156
07/22/2024,188.32,188.62,187.47,188.61,766014
07/23/2024,188.62,188.8895,188.1,188.27,937816
07/24/2024,187.46,187.7283,185.76,185.93,608003
07/25/2024,186.1,188.4806,185.95,186.11,931654
07/26/2024,187.12,189.2599,186.96,188.4,581999
07/29/2024,188.67,188.8475,187.7124,188.36,651060
07/30/2024,188.52,189.11,187.54,188.25,491424
07/31/2024,189.74,190.86,189.07,189.79,615123
08/01/2024,189.9,190.67,187.02,187.95,796230
08/02/2024,186.95,187.84,184.67,186.44,878881
08/05/2024,181.99,183.55,181.0793,181.77,1617355
08/06/2024,182.16,185.35,181.907,183.03,909696
08/07/2024,184.51,185.7752,182.02,182.13,711600
08/08/2024,183.2,185.51,182.94,185.35,622949
08/09/2024,185.06,186.25,184.28,185.7,508803
08/12/2024,185.9,185.96,184.6816,185.18,634433
08/13/2024,185.92,187.46,185.64,187.35,538041
08/14/2024,187.36,188.5028,187.2318,188.15,489963
08/15/2024,190.13,190.77,189.6174,190.64,615740
08/16/2024,190.34,191.14,190.1724,190.97,610774
08/19/2024,191.05,191.94,190.8201,191.94,586404
08/20/2024,191.72,192.0384,191.38,191.69,1125711
08/21/2024,192.29,192.8199,191.84,192.63,485144
08/22/2024,193.11,193.3796,191.45,191.99,453400
08/23/2024,192.8,193.7285,192.12,193.57,518984
08/26/2024,193.78,194.3699,193.315,193.67,596911
08/27/2024,193.53,194.249,193.26,194.18,1042277
08/28/2024,193.96,194.62,192.6107,193.53,502216
08/29/2024,194.3,195.674,193.686,194.46,511519
08/30/2024,194.89,196.24,193.95,196.09,532507
09/03/2024,195.38,195.66,192.91,193.6,783593
09/04/2024,193.3,194.335,193.17,193.81,604295
09/05/2024,193.73,193.96,191.66,192.51,988390
09/06/2024,192.42,193.03,190.1901,190.42,806165
09/09/2024,191.32,193.04,190.97,192.53,811408
09/10/2024,192.98,193.1298,191.52,192.96,577581
09/11/2024,192.6,193.5384,189.32,193.3,761650
09/12/2024,193.58,194.64,192.54,194.56,531423
09/13/2024,195.36,196.27,195.04,195.81,542451
09/16/2024,196.06,196.97,195.8501,196.82,588610
09/17/2024,197.14,197.4,195.8,196.42,549745
09/18/2024,196.59,198.09,195.65,195.8,655436
09/19/2024,198.27,198.44,197.2023,197.84,617242
09/20/2024,197.29,197.8899,196.8906,197.57,506277
09/23/2024,197.84,198.32,197.45,198.25,517268
09/24/2024,198.28,198.36,197.5,198.01,621310
09/25/2024,198.03,198.33,196.66,197.07,505216
09/26/2024,198.06,198.2771,197.55,198.12,472595
09/27/2024,197.74,198.4101,197.15,197.28,579239
09/30/2024,197.3,198.22,196.354,198.06,832120
10/01/2024,197.86,197.86,196.15,196.94,1215443
10/02/2024,196.9,197.3557,195.9885,196.95,566935
10/03/2024,196.32,196.71,195.5101,196.08,550808
10/04/2024,197.18,197.35,196,197.22,501270
10/07/2024,196.65,196.9076,195.08,195.48,612924
10/08/2024,196.01,197,195.7085,196.82,567247
10/09/2024,196.82,199.11,196.56,198.93,670710
10/10/2024,198.62,198.65,197.61,198.15,544594
10/11/2024,198.51,199.87,198.4416,199.75,524180
10/14/2024,200,201.52,199.73,201.32,620034
10/15/2024,201,201.85,200,200.12,808526
10/16/2024,200.34,201.28,199.9243,201.09,571411
10/17/2024,201.67,201.84,200.89,201.1,534715
10/18/2024,201.35,201.67,200.76,201.52,509331
10/21/2024,201.26,201.38,199.6139,199.99,1124409
10/22/2024,199,199.95,198.6422,199.64,549379
10/23/2024,198.99,199.585,197.57,198.49,722186
10/24/2024,198.4,198.47,197.3213,197.92,528638
10/25/2024,198.58,198.8366,196.7301,196.89,564285
10/28/2024,197.51,198.099,197.51,197.7,502292
10/29/2024,197.16,197.96,196.67,197.35,529083
10/30/2024,197.12,197.97,196.9,196.99,524279
10/31/2024,196.19,196.19,194.19,194.19,1003983
11/01/2024,195.15,196.26,194.86,195.02,735496
11/04/2024,195.13,195.56,194.095,194.73,561482
11/05/2024,194.71,196.52,194.5,196.52,692872
11/06/2024,201.37,201.67,200.03,201.36,1322857
11/07/2024,201.99,202.12,201.3527,201.75,1033879
11/08/2024,202.3,203.72,202.07,203.07,919018
11/11/2024,203.22,203.8,202.6001,202.78,865200
11/12/2024,202.82,203.03,201.25,201.59,1069738
11/13/2024,201.57,202.1598,201,201.61,740722
11/14/2024,201.69,201.74,200.08,200.22,1447878
11/15/2024,199.51,199.835,198.43,198.69,1246834
11/18/2024,198.86,199.82,198.5058,199.47,786444
11/19/2024,198.36,199.1999,197.5,198.64,866056
11/20/2024,198.88,198.94,197.3443,198.74,742852
11/21/2024,199.5,201.47,198.77,201,773201
11/22/2024,201.21,202.59,201.16,202.46,675631
11/25/2024,203.53,204.36,203.24,203.95,948326
11/26/2024,203.92,204.385,203.16,204.23,765606
11/27/2024,204.47,204.87,203.73,203.88,762252
11/29/2024,204.08,205.2,204,204.68,450286
12/02/2024,204.82,204.9,203.5847,204.42,1077871
12/03/2024,204.42,204.51,203.52,203.86,894084
12/04/2024,204.05,204.125,202.9708,203.51,1067409
12/05/2024,203.54,203.64,202.8,202.89,875396
12/06/2024,203.11,203.54,202.9,202.9,1021903
12/09/2024,203.13,203.325,201.99,202.15,1181754
12/10/2024,201.77,201.77,200.56,201.13,3063619
12/11/2024,201.86,201.99,201.08,201.09,1256111
12/12/2024,201.16,201.37,200.49,200.49,1296183
12/13/2024,201.9,202.435,201.56,202.05,1636852
12/16/2024,202.4,203.43,202.28,202.47,1358145
12/17/2024,201.47,201.8081,200.5782,201.22,1455906
12/18/2024,201.08,201.38,195.94,196.04,1463444
12/19/2024,197.17,197.8954,195.41,195.46,2097458
12/20/2024,195.01,198.91,194.78,197.31,1818432
12/23/2024,196.27,197.325,195.29,197.12,1802679
12/24/2024,197.66,199.2,197.35,199.14,983644
12/26/2024,198.57,199.96,198.52,199.68,1444922
12/27/2024,198.87,199.2899,197.185,198.27,1127865
12/30/2024,196.29,196.74,194.68,195.8,1729005
12/31/2024,196.4,196.75,195.27,195.83,1149286
01/02/2025,196.83,197.32,193.96,194.89,1183520
01/03/2025,195.61,196.5,194.89,196.17,923376
01/06/2025,196.72,197.55,195.48,195.89,1526192
01/07/2025,196.6,196.8099,194.6,195.21,832129
01/08/2025,195.18,195.89,194.1001,195.81,800143
01/10/2025,194.48,194.83,192.4434,192.84,1788237
01/13/2025,192.18,194.17,192.0672,194.12,1995447
01/14/2025,194.68,195.23,193.62,195.18,724772
01/15/2025,197.46,197.865,196.69,197.46,797988
01/16/2025,197.77,198.2296,197.1635,197.83,1142447
01/17/2025,199.22,199.68,198.75,199.15,1079799
01/21/2025,199.81,201.115,199.81,201.1,2111060
01/22/2025,201.75,201.845,201.03,201.08,760752
01/23/2025,201.19,202.41,200.9101,202.41,1147518
01/24/2025,202.37,202.81,201.99,202.27,936901
01/27/2025,200.03,201.98,200.03,201.94,1477248
01/28/2025,201.97,202.1475,201.08,201.41,784136
01/29/2025,201.05,201.05,201.05,201.05,3
01/30/2025,202.2,203.507,201.86,202.93,1079483
01/31/2025,203.65,204.2199,202.095,202.22,1039611
02/03/2025,199.79,202.3489,199.35,201.67,1408353
02/04/2025,201.25,202.3801,200.96,202.21,792637
02/05/2025,202.79,203.89,201.74,203.88,1727339
02/06/2025,204.26,204.26,202.62,203.54,1166356
02/07/2025,203.94,204,201.73,201.83,950729
02/10/2025,202.88,203.21,202.145,203.15,1141605
02/11/2025,202.95,204.26,202.7,204.19,638026
02/12/2025,202.38,203.4475,202.2,203.27,944176
02/13/2025,203.65,204.76,203.13,204.64,769677
02/14/2025,204.82,204.96,203.7445,203.86,674690
02/18/2025,203.63,204.3,203,204.3,1009138
02/19/2025,204.01,205.24,203.92,205.23,723761
02/20/2025,204.6,204.66,203.3172,204.17,679263
02/21/2025,203.79,203.79,201.7105,201.98,754624
02/24/2025,202.21,202.68,201.37,201.51,1053651
02/25/2025,201.72,202.62,201.02,202.14,898127
02/26/2025,202.46,202.91,200.95,201.58,676109
02/27/2025,201.88,203.145,200.26,200.35,766121
02/28/2025,200.71,203.29,199.61,203.13,981585
03/03/2025,203.82,204.09,200.0328,201.22,1226591
03/04/2025,200.43,200.85,197.7,198.15,2498136
03/05/2025,198.06,200.5,197.2601,199.93,1337329
03/06/2025,197.56,199.03,196.6301,197.75,1029255
03/07/2025,197.4,200.06,197.06,199.59,908915
03/10/2025,197.44,198.6657,194.64,196.09,1300701
03/11/2025,195.94,196.005,192.5,193.39,2925066
03/12/2025,194.22,194.2774,191.28,192.17,1680297
03/13/2025,191.95,192.62,189.7001,190.34,4436514
03/14/2025,191.31,193.3,190.79,193.08,915759
03/17/2025,192.39,195.7,192.39,195.09,955403
03/18/2025,194.61,194.9,193.12,193.86,669347
03/19/2025,194.23,196.19,193.9,195.33,709623
03/20/2025,194.19,195.799,193.88,194.5,701107
03/21/2025,193.42,194.26,192.515,194.17,803001
03/24/2025,195.75,196.75,195.53,196.49,781019
03/25/2025,196.77,196.8,195.2559,195.98,618033
03/26/2025,196.24,197.06,195.145,195.58,828241
03/27/2025,194.43,195.24,193.715,194.58,669633
03/28/2025,194.25,194.64,191.7136,191.94,1034017
03/31/2025,190.8,194.62,190.5509,193.99,1315957
04/01/2025,193.27,194.3496,191.96,193.65,852629
04/02/2025,192.32,195.26,192.0972,194.8,750608
04/03/2025,189.98,191.1504,187.58,187.76,2102023
04/04/2025,183.84,184.55,176.864,177.07,4940652
04/07/2025,172.62,181.3699,169.32,175.67,4043571
04/08/2025,181.31,181.97,171.21,173.71,2725359
04/09/2025,172.12,187.29,171.69,186.54,2555894
04/10/2025,183.59,183.75,176.645,181.58,1767692
04/11/2025,181.08,185.78,180.1,184.75,1460327
04/14/2025,187.28,187.8176,185.12,186.76,2032937
04/15/2025,187.11,188.17,185.93,186.02,1068413
04/16/2025,185.03,186.075,181.78,183.11,1035512
04/17/2025,183.4,185.4783,183.0991,183.86,948653
04/21/2025,182.55,182.87,178.2517,180.17,1374742
04/22/2025,181.96,184.63197,181.61,184.38,1195989
04/23/2025,187.53,189,185.2,185.83,1186964
04/24/2025,185.81,188.48,184.9615,188.35,900902
04/25/2025,187.87,188.7275,186.47,188.66,968533
04/28/2025,188.72,189.6486,187.34,189.04,872946
04/29/2025,188.58,190.6199,188.47,190.18,740166
04/30/2025,188.86,191.55,186.78,191.03,1127104
05/01/2025,190.93,191.7719,190.11,190.18,943121
05/02/2025,192.48,193.5526,192.055,193.02,811087
05/05/2025,192.23,193.41,191.82,192.43,1589228
05/06/2025,191.05,192.2495,190.42,190.77,1001007
05/07/2025,191.2,192.65,190.77,192,631417
05/08/2025,192.84,194.445,191.8,192.72,1252042
05/09/2025,193.16,193.29,191.97,192.23,1049618
05/12/2025,196.42,197.08,195.3621,197.08,2079031
05/13/2025,196.73,197.46,196.34,196.5,990603
05/14/2025,196.32,196.5,195.05,195.29,1117449
05/15/2025,195,197.74,195,197.68,1000729
05/16/2025,197.75,199.1,197.24,199.09,989810
05/19/2025,197.62,199.81,197.58,199.5,999655
05/20/2025,198.94,199.51,198.2453,199.08,700883
05/21/2025,197.72,198.34,195.47,195.6,752218
05/22/2025,195.24,196.01,194.33,194.92,1053699
05/23/2025,193.12,194.893,193.0056,194.33,1104742
05/27/2025,196.12,197.9,195.62,197.9,1471328
05/28/2025,197.71,198.25,196.35,196.6,710196
05/29/2025,197.56,197.57,195.95,197.34,746238
05/30/2025,197.06,198.66,196.37,197.93,763034
06/02/2025,197.57,198.82,196.55,198.78,1324026
06/03/2025,198.48,200.165,198.2,200.08,647644
06/04/2025,200.38,200.8799,199.93,199.93,525406
06/05/2025,200.35,200.3696,198.94,199.27,878202
06/06/2025,200.33,201.2024,199.84,200.45,707249
06/09/2025,200.53,200.86,199.63,200.07,961293
06/10/2025,200.25,201.5073,200.25,201.36,623288
06/11/2025,201.45,202.1027,200.6,201.27,523041
06/12/2025,201.07,202.66,200.8655,202.64,607500
06/13/2025,201.22,201.9899,199.87,200.46,689002
06/16/2025,201.29,202.3,200.825,201.16,954895
06/17/2025,200.41,200.89,199.32,199.54,616843
06/18/2025,199.91,200.73,198.9,199.14,710015
06/20/2025,199.89,199.96,198.49,198.93,1085548
06/23/2025,199.15,201.17,198.3714,201.01,963646
06/24/2025,202.3,203.382,201.83,203.03,628944
06/25/2025,203.08,203.27,202.06,202.33,552737
06/26/2025,202.625,203.74,202.625,203.55,590536
06/27/2025,203.84,205.02,203.28,203.9,831683
06/30/2025,203.91,204.95,203.51,204.67,1082021
07/01/2025,204.45,206.55,204.14,206.07,1113820
07/02/2025,205.85,206.46,205.38,206.46,1145834
07/03/2025,206.95,208.11,206.6201,207.81,624895
07/07/2025,207.64,207.77,205.596,206.49,1041015
07/08/2025,206.37,206.83,205.8161,205.97,628008
07/09/2025,206.59,206.895,205.47,206.78,683566
07/10/2025,206.78,207.864,206.57,207.25,710227
07/11/2025,206.33,206.33,205.545,205.93,696534
07/14/2025,205.54,206.39,205.26,206.28,724181
07/15/2025,206.49,206.78,204.34,204.34,694743
07/16/2025,204.85,205.52,203.2939,205.42,906931
07/17/2025,205.01,206.8,205.01,206.63,638957
07/18/2025,207.04,207.04,205.825,206.1,740963
07/21/2025,206.35,207.3781,206.0201,206.17,895613
07/22/2025,206.17,207.125,206.17,206.96,642715
07/23/2025,207.51,208.32,207.05,208.32,712649
07/24/2025,208.3,208.74,207.9001,208.1,779486
07/25/2025,208.42,209.29,208.071,209.14,630190
07/28/2025,209.2,209.2699,208.3374,208.67,892345
07/29/2025,208.8,208.99,207.99,208.38,682239
07/30/2025,208.48,208.89,206.78,207.67,1427986
07/31/2025,207.7,208.48,205.53,206.06,693200
08/01/2025,204.77,205.0399,203.17,204.09,1222699
08/04/2025,204.9,206.85,204.8471,206.79,679975
08/05/2025,206.98,207.0974,205.59,206,518847
08/06/2025,206.39,207.225,205.78,206.89,728417
08/07/2025,207.76,207.92,205.345,206.01,772091
08/08/2025,206.39,207.4297,206.39,207.17,571375
08/11/2025,207.41,207.66,206.4057,206.72,641039
08/12/2025,207.41,208.777,207.14,208.67,613089
08/13/2025,209.48,210.0999,209.0601,209.96,699926
08/14/2025,209.21,210.21,208.96,210.07,644126
08/15/2025,210.9,210.9,209.43,209.49,637465
08/18/2025,209.38,209.81,209.26,209.53,654916
08/19/2025,209.55,210.67,209.225,209.63,830900
08/20/2025,210,210.28,209.17,209.85,730097
08/21/2025,209.12,209.72,208.5529,209.02,464587
08/22/2025,209.78,212.139,209.78,211.39,676159
08/25/2025,211.16,211.3381,209.8,209.83,698770
08/26/2025,209.84,210.84,209.7613,210.73,724243
08/27/2025,210.45,211.4001,210.45,211.18,621273
08/28/2025,211.52,211.7299,210.8643,211.58,630915
08/29/2025,211.39,211.5499,210.41,210.92,637143
09/02/2025,209.41,210.17,208.73,210.09,934869
09/03/2025,210.12,210.29,209.145,210.28,708332
09/04/2025,210.5,211.78,210.1818,211.78,665286
09/05/2025,214.08,214.1962,211.23,211.97,898843
09/08/2025,212.47,212.79,211.81,212.72,1254021
09/09/2025,212.78,212.895,212.195,212.64,2186302
09/10/2025,214.34,215.18,213.86,214.63,1349509
09/11/2025,215.26,216.82,215.11,216.52,1030132
09/12/2025,216.37,216.5025,215.58,215.62,922360
09/15/2025,215.99,216.22,215.26,215.62,1140867
09/16/2025,215.8,216.0691,215.0106,215.3,922013
09/17/2025,215.74,216.77,214.5675,215.75,1213780
09/18/2025,216.11,216.71,215.3694,215.64,889777
09/19/2025,216.26,216.43,215.11,216.09,814958
09/22/2025,215.47,216.8697,215.46,216.58,2306028
09/23/2025,216.54,217.3195,215.7301,216.12,789958
09/24/2025,216.24,216.3,215.3337,215.72,714815
09/25/2025,215.04,215.26,213.56,214.39,771966
09/26/2025,214.96,215.8503,214.63,215.4,662621
09/29/2025,215.19,215.19,214.0426,214.59,956105
09/30/2025,214.42,215.94,214.22,215.79,1113635
10/01/2025,215.44,217.03,215.1001,216.91,1184690
10/02/2025,217.04,217.29,216.15,216.95,706066
10/03/2025,217.26,218.92,217.09,217.79,788643
10/06/2025,218.22,218.405,217.4101,217.77,910234
10/07/2025,218.11,218.1428,216.599,217.26,831022
10/08/2025,217.49,218.1965,217.13,217.81,743038
10/09/2025,218.15,218.41,216.38,216.83,704803
10/10/2025,217.41,217.89,212.54,212.59,1264859
10/13/2025,214.79,216.17,214.5648,215.41,856496
10/14/2025,214.06,217.1,213.2936,216.29,1098101
10/15/2025,217.5,218.865,215.54,217.05,1083100
10/16/2025,217.42,217.5,214.36,215.16,1147455
10/17/2025,214.77,216.06,214.25,215.74,1319136
10/20/2025,216.51,217.51,216.47,217.26,1154882
10/21/2025,217.25,218.24,217,217.13,1066322
10/22/2025,217.39,217.39,215.61,216.25,1407770
10/23/2025,216.25,217.555,216.25,217.13,1007842
10/24/2025,218.61,219.14,218.2199,218.51,1006142
10/27/2025,219.48,220.04,218.9,219.97,1206973
10/28/2025,220.25,220.49,219.485,219.55,1379159
10/29/2025,219.14,219.54,217.2607,218.2,1612084
10/30/2025,217.85,219.23,217.71,217.82,1864763
10/31/2025,217.38,217.69,216.02,217.06,2164208
11/03/2025,217.1,217.25,214.75,215.97,1519572
11/04/2025,214.86,216.15,214.53,215.38,1522521
11/05/2025,215.33,217.12,215.18,216.26,1735253
11/06/2025,215.89,216.22,214.75,215.35,1826216
11/07/2025,215.16,215.65,213.55,215.64,1928291
11/10/2025,216.51,217.5402,215.71,217.25,1519087
11/11/2025,217.35,219.18,217.32,218.83,1125644
11/12/2025,219.45,220.3797,219.375,220.1,1183275
11/13/2025,219.67,220.0003,217.38,217.7,1471871
11/14/2025,216.34,218.075,215.7001,217.03,1550196
11/17/2025,216.48,217.305,214.415,215.02,1789615
11/18/2025,214.41,215.56,213.34,214.33,2368145
11/19/2025,214.2,215.775,213.99,215.05,1313951
11/20/2025,217.02,218.16,212.91,213.05,2380895
11/21/2025,213.68,216.61,213.47,215.26,1659126
11/24/2025,215.84,217.515,215.515,216.96,1423874
11/25/2025,217.855,220.36,217.0311,219.99,1164115
11/26/2025,220.37,222.26,220.32,221.6,1284453
11/28/2025,221.7,222.81,221.55,222.67,834813
12/01/2025,221.72,221.92,220.41,220.54,2050798
12/02/2025,220.92,220.92,219.73,220.32,1407129
12/03/2025,220.22,222.0799,220.15,221.87,1421712
12/04/2025,221.76,222.1123,220.63,221.26,1071128
12/05/2025,221.74,222.6,221.33,221.59,1230864
12/08/2025,222.31,222.31,220.51,220.91,1831584
12/09/2025,220.795,221.8661,220.33,220.41,1447772
12/10/2025,220.35,223.12,220.13,222.78,1623560
12/11/2025,222.22,224.585,222.09,224.45,1601323
12/12/2025,223.62,223.75,221.47,222.08,1921518
12/15/2025,222.89,222.905,221.07,221.79,1742965
12/16/2025,221.48,221.735,219.5,220.31,1358182
12/17/2025,220.68,220.89,218.68,218.99,1663932
12/18/2025,220,220.66,218.84,219.37,1554976
12/19/2025,219.8,220.97,219.8,220.66,1603044
12/22/2025,220.42,221.18,220.19,220.95,2196640
12/23/2025,220.47,221.51,220.3901,221.24,1671446
12/24/2025,221.52,222.6699,221.39,222.39,1264260
12/26/2025,222.39,222.61418,221.89,222.5,1510034
12/29/2025,222.13,222.55,221.58,221.87,1560864
12/30/2025,221.79,221.98,221.35,221.47,1259517
12/31/2025,221.52,221.52,219.775,219.78,1106072
01/02/2026,220.49,220.77,219.48,220.6,2140919
01/05/2026,220.95,222.43,220.71,221.93,2492900
01/06/2026,221.86,224.385,221.7601,224.07,2110701
01/07/2026,224.12,224.25,222.3,222.46,1695324
01/08/2026,221.84,223.6203,221.785,223.22,1738339
01/09/2026,223.57,225.24,223.57,224.76,1526777
01/12/2026,223.95,225.86,223.761,225.61,2164265
01/13/2026,225.72,225.785,224.165,224.8,1487902
01/14/2026,224,224.68,223.25,224.68,1332197
01/15/2026,225.77,225.92,224.95,225.14,1307328
01/16/2026,225.29,225.97,224.8,225.64,1600746
01/20/2026,223.1,223.72,221.615,221.87,2928638
01/21/2026,222.41,224.77,221.965,223.88,2643637
01/22/2026,224.75,225.3487,223.86,224.07,1317517
01/23/2026,223.39,223.5651,222.48,223.14,1435024
01/26/2026,223.68,224.97,223.5,224.58,1642701
01/27/2026,224.23,224.73,223.955,224.45,1332008
01/28/2026,224.28,224.55,223.24,223.92,1539028
01/29/2026,224.23,225.04,222.445,224.31,2056788
01/30/2026,223.75,224.28,222.29,224.02,2355642
02/02/2026,223.95,226.395,223.83,226.23,1501511
02/03/2026,225.87,227.0725,223.68,225.33,1843498
02/04/2026,226.22,227.16,225.3238,226.54,1846221
02/05/2026,226.02,226.61,224.26,224.62,1933718
02/06/2026,226.78,229.8,226.3901,229.53,1405885
02/09/2026,229.24,230.15,229.02,229.69,1309584
02/10/2026,229.83,230.53,228.94,229.08,1020156
02/11/2026,230.19,230.38,228.62,229.36,1085502
02/12/2026,229.64,230.225,226.47,226.52,2017305
02/13/2026,226.53,228.53,225.95,227.26,1848730
02/17/2026,226.98,227.82,226.0999,227.18,1865176
02/18/2026,227.42,228.5125,226.845,227.95,1167079
02/19/2026,227.22,227.785,226.28,227.11,965598
02/20/2026,226.53,228.18,225.93,227.57,1239668
02/23/2026,227.19,228.3699,225.33,225.78,1469132.6
02/24/2026,225.32,226.95,225.22,226.77,845356.56
02/25/2026,227.42,227.98,226.87,227.64,744112.5
02/26/2026,227.9,228.2655,225.825,227.43,1165185.4
02/27/2026,225.54,227.85,225.39,227.7,1069499.1
03/02/2026,225.85,227.97,225.65,227.15,1779516.8
03/03/2026,224.1,225.97,222.1,225.18,2140652.2
03/04/2026,225.47,226.16,224.17,225.52,1446801.8
03/05/2026,224.31,225.25,221.835,223.45,1689720.2
03/06/2026,221,222.29,219.765,221.52,1591530.5
03/09/2026,219.54,223.43,218.415,222.76,1989850.6
03/10/2026,222.59,223.97,221.38,221.66,1420776.8
03/11/2026,221.68,221.876,220.1,220.99,1220220.5
03/12/2026,219.36,219.78,218.03,218.09,1510733.1
03/13/2026,219.15,220.32,217.25,217.54,1455733.5
03/16/2026,219.445,219.94,218.6,219.24,1378138.5
03/17/2026,220.17,220.91,218.77,218.89,1161351.1
03/18/2026,217.95,218.22,215.09,215.19,1453729.5
03/19/2026,214.11,216.22,213.82,215.07,2198507.2
03/20/2026,214.72,215.32,212.12,212.96,1850051.9
03/23/2026,215.93,217.1701,214.72,214.94,2279148.8
03/24/2026,213.535,216.38,213.47,215.25,1445322.5
03/25/2026,216.71,217.29,215.07,216.19,1581579.9
03/26/2026,215.07,216.5,214.1,214.22,1208900.9
03/27/2026,212.75,212.89,210.23,210.73,1698620.4
